Viloyat / Област / Region;Tuman / Район / District;Joyiashgan joyi / Место расположения / Location; Turi / Тип / A type;Kenglik / Широта / Latitude;Uzunlik / Долгота / Longitude;
Xorazm viloyati / Хорезмская область /  Khorezm region;Urganch shahri / Город Ургенч / Urgench city;САНОАТЧИЛАР R4 (ТЕЛЕЦЕНТР ЧОРРАХАСИ);ПДД КАМЕРА;41.529928;60.61665;
Xorazm viloyati / Хорезмская область /  Khorezm region;Urganch shahri / Город Ургенч / Urgench city;ЯНГИАРИҚ R1 (МАШАЛ ЧОРРАХАСИ);ПДД КАМЕРА;41.544931;60.615516;
Xorazm viloyati / Хорезмская область /  Khorezm region;Urganch shahri / Город Ургенч / Urgench city;ТИНЧЛИК R4 (ХАЛҚ БАНК ЧОРРАХАСИ);ПДД КАМЕРА;41.558318;60.621204;
Xorazm viloyati / Хорезмская область /  Khorezm region;Urganch shahri / Город Ургенч / Urgench city;ЯНГИАРИҚ R1 (ТЕЛЕЦЕНТР ЧОРРАХАСИ);ПДД КАМЕРА;41.529928;60.61665;
Xorazm viloyati / Хорезмская область /  Khorezm region;Urganch shahri / Город Ургенч / Urgench city;ЯНГИАРИҚ R4 (МАШАЛ ЧОРРАХАСИ);ПДД КАМЕРА;41.544931;60.615516;
Xorazm viloyati / Хорезмская область /  Khorezm region;Urganch shahri / Город Ургенч / Urgench city;ХОНҚА R3 (ЗАНАЛНИЙ ЧОРРАХАСИ);ПДД КАМЕРА;41.542529;60.63189;
Xorazm viloyati / Хорезмская область /  Khorezm region;Urganch shahri / Город Ургенч / Urgench city;ТИНЧЛИК R2 (ХАЛҚ БАНК ЧОРРАХАСИ);ПДД КАМЕРА;41.558318;60.621204;
Xorazm viloyati / Хорезмская область /  Khorezm region;Urganch shahri / Город Ургенч / Urgench city;П. МАХМУД R3 (ХАЛҚ БАНК ЧОРРАХАСИ);ПДД КАМЕРА;41.558318;60.621204;
Xorazm viloyati / Хорезмская область /  Khorezm region;Urganch shahri / Город Ургенч / Urgench city;ХОНҚА R4 (МАШАЛ ЧОРРАХАСИ);ПДД КАМЕРА;41.544931;60.615516;
Xorazm viloyati / Хорезмская область /  Khorezm region;Urganch shahri / Город Ургенч / Urgench city;ХОНҚА R1 (ЗАНАЛНИЙ ЧОРРАХАСИ);ПДД КАМЕРА;41.542529;60.63189;
Xorazm viloyati / Хорезмская область /  Khorezm region;Urganch shahri / Город Ургенч / Urgench city;САЁТ R3 (МАШАЛ ЧОРРАХАСИ);ПДД КАМЕРА;41.544931;60.615516;
Xorazm viloyati / Хорезмская область /  Khorezm region;Urganch shahri / Город Ургенч / Urgench city;АЛ-ХОРАЗМИЙ R4 (ЗАНАЛНИЙ ЧОРРАХАСИ);ПДД КАМЕРА;41.542529;60.63189;
Xorazm viloyati / Хорезмская область /  Khorezm region;Urganch shahri / Город Ургенч / Urgench city;АЛ-ХОРАЗМИЙ R2 (ЗАНАЛНИЙ ЧОРРАХАСИ);ПДД КАМЕРА;41.542529;60.63189;
Xorazm viloyati / Хорезмская область /  Khorezm region;Urganch shahri / Город Ургенч / Urgench city;П. МАХМУД R1 (ХАЛҚ БАНК ЧОРРАХАСИ);ПДД КАМЕРА;41.558318;60.621204;
Xorazm viloyati / Хорезмская область /  Khorezm region;Urganch shahri / Город Ургенч / Urgench city;САНОАТЧИЛАР R2 (ТЕЛЕЦЕНТР ЧОРРАХАСИ);ПДД КАМЕРА;41.529928;60.61665;
Xorazm viloyati / Хорезмская область /  Khorezm region;Urganch shahri / Город Ургенч / Urgench city;ЯНГИАРИҚ R3 (ТЕЛЕЦЕНТР ЧОРРАХАСИ);ПДД КАМЕРА;41.529928;60.61665;
Buxoro viloyati / Бухарская область / Bukhara region;РОМИТОН ТУМАНИ;РОМИТАН ТУМАНИ, А-380 АВТОМОБИЛ ЙЎЛИНИНГ 432 КМ, ҚИЗИЛРАБОТ АЯЖ;СТАЦИОНАР РАДАР;40.527389;68.21746;
Buxoro viloyati / Бухарская область / Bukhara region;БУХОРО ШАҲРИ;БУХОРО ШАҲАР М-37 САМАРҚАНД-БУХОРО-ТУРКМАНБОШИ А/Й 263 КМ;СТАЦИОНАР РАДАР;39.819339;64.43334299999999;
Buxoro viloyati / Бухарская область / Bukhara region;БУХОРО ТУМАНИ;БУХОРО ТУМАНИ ХОНАБОД МФЙ ҲУДУДИДАН ЎТУВЧИ А-380 А/Й 14,8 КМ;СТАЦИОНАР РАДАР;39.781655;64.390074;
Buxoro viloyati / Бухарская область / Bukhara region;КОГОН ТУМАНИ;КОГОН ТУМАНИ А-380 ҒУЗОР-БУХОРО-НУКУС-БЕЙНАУ А/ЙНИНГ 215 КМ;СТАЦИОНАР РАДАР;39.743228;64.486441;
Buxoro viloyati / Бухарская область / Bukhara region;БУХОРО ТУМАНИ;БУХОРО ТУМАНИ ХОНАБОД МФЙ ҲУДУДИДАН ЎТУВЧИ А-380 А/Й 14,8 КМ;СТАЦИОНАР РАДАР;39.781655;64.390074;
Buxoro viloyati / Бухарская область / Bukhara region;БУХОРО ШАҲРИ;БУХОРО ШАҲАР А-380 ҒУЗОР-БУХОРО-НУКУС-БЕЙНЕУ А/Й 219,9 КМ;СТАЦИОНАР РАДАР;39.773669;64.45607699999999;
Buxoro viloyati / Бухарская область / Bukhara region;КОГОН ТУМАНИ;КОГОН ТУМАНИ А-380 \"ҒУЗОР-БУХОРО НУКУС-БЕЙНЕУ\" АВТОМОБИЛ ЙЎЛИНИНГ 215 КМ;СТАЦИОНАР РАДАР;39.743072;64.48634199999999;
Buxoro viloyati / Бухарская область / Bukhara region;БУХОРО ШАҲРИ;БУХОРО ШАҲАР А-380 ҒУЗОР-БУХОРО-НУКУС-БЕЙНЕУ А/Й 219,9 КМ;СТАЦИОНАР РАДАР;39.773669;64.45607699999999;
Buxoro viloyati / Бухарская область / Bukhara region;БУХОРО ШАҲРИ;БУХОРО ШАҲАР М-37 САМАРҚАНД-БУХОРО-ТУРКМАНБОШИ А/Й 263 КМ;СТАЦИОНАР РАДАР;39.819339;64.43334299999999;
Buxoro viloyati / Бухарская область / Bukhara region;ҒИЖДУВОН ТУМАНИ;4К160 А/Й 28,5 КМ, XXI АСР  КЎЧАСИ, ДУНЁ САВДО МАЖМУАСИ КАРШИСИДА;ПДД КАМЕРА;40.098174;64.681905;
Buxoro viloyati / Бухарская область / Bukhara region;ҒИЖДУВОН ТУМАНИ;XXI АСР V2 (БЕК ЧОРРАХАСИ);ПДД КАМЕРА;40.095999;64.683131;
Buxoro viloyati / Бухарская область / Bukhara region;ҒИЖДУВОН ТУМАНИ;4К160 А/Й 29 КМ, XXI АСР КЎЧАСИ, БОЗОР БЕКАТИ ОЛДИДА;ПДД КАМЕРА;40.096327;64.682982;
Buxoro viloyati / Бухарская область / Bukhara region;ҒИЖДУВОН ТУМАНИ;Ю.ХАМАДОНИЙ V2 (ДИЛКУШО ЧОРРАХАСИ);ПДД КАМЕРА;40.093426;64.669169;
Buxoro viloyati / Бухарская область / Bukhara region;ҒИЖДУВОН ТУМАНИ;4Р58 \"С\" 2,9 КМ, Ю.ХАМАДОНИЙ КЎЧАСИ, КОРЗИНКА ОЛДИДА;ПДД КАМЕРА;40.096104;64.68373699999999;
Buxoro viloyati / Бухарская область / Bukhara region;ҒИЖДУВОН ТУМАНИ;4К151 А/Й 0,2 КМ, А.ҒИЖДВОНИЙ КЎЧАСИ, АГРО БАНК КАРШИСИДА;ПДД КАМЕРА;40.101602;64.680531;
Buxoro viloyati / Бухарская область / Bukhara region;ҒИЖДУВОН ТУМАНИ;4Р58 \"С\" 3 КМ, Ю.ҲАМАДОНИЙ КЎЧАСИ, БЕК РЕСТОРАН КАРШИСИДА;ПДД КАМЕРА;40.095821;64.682613;
Buxoro viloyati / Бухарская область / Bukhara region;ҒИЖДУВОН ТУМАНИ;А.Х.ГИЖДУВОНИЙ V3 (ДИЛКУШО ЧОРРАХАСИ);ПДД КАМЕРА;40.093426;64.669169;
Buxoro viloyati / Бухарская область / Bukhara region;ҒИЖДУВОН ТУМАНИ;А.Х.ГИЖДУВОНИЙ V1 (ДИЛКУШО ЧОРРАХАСИ);ПДД КАМЕРА;40.093426;64.669169;
Buxoro viloyati / Бухарская область / Bukhara region;ҒИЖДУВОН ТУМАНИ;НАВБАХОР V4 (БЕК ЧОРРАХАСИ);ПДД КАМЕРА;40.095999;64.683131;
Buxoro viloyati / Бухарская область / Bukhara region;ҒИЖДУВОН ТУМАНИ;4Р58 \"С\" 0,65 КМ, Ю.ХАМАДОНИЙ КЎЧАСИ, ЖАХОН БОЗОР КАРШИСИДА;ПДД КАМЕРА;40.092227;64.706397;
Buxoro viloyati / Бухарская область / Bukhara region;ҒИЖДУВОН ТУМАНИ;Ю.ХАМАДОНИЙ V4 (ДИЛКУШО ЧОРРАХАСИ);ПДД КАМЕРА;40.093426;64.669169;
Buxoro viloyati / Бухарская область / Bukhara region;ҒИЖДУВОН ТУМАНИ;Ю.ХАМАДОНИЙ V3 (БЕК ЧОРРАХАСИ);ПДД КАМЕРА;40.095999;64.683131;
Buxoro viloyati / Бухарская область / Bukhara region;ҒИЖДУВОН ТУМАНИ;4Р58 \"С\" 2,65 КМ, Ю.ҲАМАДОНИЙ КЎЧАСИ, ГИЖДУВОН САВДО МАРКАЗИ КАРШИСИДА;ПДД КАМЕРА;40.096694;64.686328;
Buxoro viloyati / Бухарская область / Bukhara region;ҒИЖДУВОН ТУМАНИ;Ю.ХАМАДОНИЙ V1 (БЕК ЧОРРАХАСИ);ПДД КАМЕРА;40.095999;64.683131;
Buxoro viloyati / Бухарская область / Bukhara region;ҒИЖДУВОН ТУМАНИ;Ю.ХАМАДОНИЙ R1 (ДИЛКУШО ЧОРРАХАСИ);ПДД КАМЕРА;40.093426;64.669169;
Buxoro viloyati / Бухарская область / Bukhara region;БУХОРО ШАҲРИ;Бухоро шахри Навоий шох - Пиридастгир кўча кесишмаси (Семруғ сп. мажмуаси-5 кичик ноҳия йўналишида);ПДД КАМЕРА;39.748896;64.424319;
Buxoro viloyati / Бухарская область / Bukhara region;ҒИЖДУВОН ТУМАНИ;Ю.ХАМАДОНИЙ R1 (БЕК ЧОРРАХАСИ);ПДД КАМЕРА;40.095999;64.683131;
Buxoro viloyati / Бухарская область / Bukhara region;БУХОРО ШАҲРИ;Бухоро шахри Мустақиллик - Пиридастгир кўчалари кесишмаси (ДОЗ-5 айланма-Тўқимачи бозор йўналишида);ПДД КАМЕРА;39.749714;64.437167;
Buxoro viloyati / Бухарская область / Bukhara region;ҒИЖДУВОН ТУМАНИ;Ю.ХАМАДОНИЙ R4 (ДИЛКУШО ЧОРРАХАСИ);ПДД КАМЕРА;40.093426;64.669169;
Buxoro viloyati / Бухарская область / Bukhara region;БУХОРО ШАҲРИ;Бухоро шахри Мустақиллик - Пиридастгир кўчалари кесишмаси (Улгурчи бозор-Семруғ сп. мажмуа йўналиши);ПДД КАМЕРА;39.749696;64.438014;
Buxoro viloyati / Бухарская область / Bukhara region;ҒИЖДУВОН ТУМАНИ;Ю.ХАМАДОНИЙ R2 (ДИЛКУШО ЧОРРАХАСИ);ПДД КАМЕРА;40.093426;64.669169;
Buxoro viloyati / Бухарская область / Bukhara region;ҒИЖДУВОН ТУМАНИ;А.Х.ГИЖДУВОНИЙ R3 (ДИЛКУШО ЧОРРАХАСИ);ПДД КАМЕРА;40.093426;64.669169;
Buxoro viloyati / Бухарская область / Bukhara region;ҒИЖДУВОН ТУМАНИ;Ю.ХАМАДОНИЙ R3 (БЕК ЧОРРАХАСИ);ПДД КАМЕРА;40.095999;64.683131;
Buxoro viloyati / Бухарская область / Bukhara region;БУХОРО ШАҲРИ;Бухоро шахри Навоий шох-Пиридастгир кўча кесишмаси (БМИ-6 кичик ноҳия айланма ҳаракати йўналишида);ПДД КАМЕРА;39.749109;64.423670;
Buxoro viloyati / Бухарская область / Bukhara region;БУХОРО ШАҲРИ;Бухоро шахри Навоий шох-Пиридастгир кўча кесишмаси (6 кичик ноҳия айланма ҳаракати-БМИ йўналишида);ПДД КАМЕРА;39.748477;64.423808;
Buxoro viloyati / Бухарская область / Bukhara region;ҒИЖДУВОН ТУМАНИ;XXI АСР R2 (БЕК ЧОРРАХАСИ);ПДД КАМЕРА;40.095999;64.683131;
Buxoro viloyati / Бухарская область / Bukhara region;БУХОРО ШАҲРИ;Бухоро шахри Мустақиллик - Пиридастгир кўчалари кесишмаси (Семруғ сп.мажмуа –Улгурчи бозор йўналиши);ПДД КАМЕРА;39.749269;64.437014;
Buxoro viloyati / Бухарская область / Bukhara region;БУХОРО ШАҲРИ;Бухоро шахри Мустақиллик - Пиридастгир кўчалари кесишмаси (Тўқимачи бозор-ДОЗ-5 айланма йўналишида);ПДД КАМЕРА;39.749101;64.437741;
Buxoro viloyati / Бухарская область / Bukhara region;БУХОРО ШАҲРИ;Бухоро шахри Навоий шох-Пиридастгир кўчалари кесишмаси (5 кичик ноҳия-Семруғ сп. мажмуаси йўналиши);ПДД КАМЕРА;39.748808;64.423138;
Buxoro viloyati / Бухарская область / Bukhara region;ҒИЖДУВОН ТУМАНИ;НАВБАХОР R4 (БЕК ЧОРРАХАСИ);ПДД КАМЕРА;40.095999;64.683131;
Jizzax viloyati / Джизакская область / Jizzakh region;ШАРОФ-РАШИДОВ ТУМАНИ;M-39 ТЕРМИЗ-ТОШКЕНТ А/ЙНИНГ 984 КМ Ш.РАШИДОВ ТУМАНИ ХУДУДИ;СТАЦИОНАР РАДАР;40.082021;67.92964499999999;
Jizzax viloyati / Джизакская область / Jizzakh region;ШАРОФ-РАШИДОВ ТУМАНИ;М-39 ТОШКЕНТ-ТЕРМИЗ А/ЙНИНГ 984 КМ Ш.РАШИДОВ ТУМАНИ ХУДУДИ;СТАЦИОНАР РАДАР;40.082021;67.92964499999999;
Jizzax viloyati / Джизакская область / Jizzakh region;ЗОМИН ТУМАНИ;ЗОМИН ШАҲАРЧАСИ МУСТАҚИЛЛИК КЎЧАСИ ЗОМИН-ДАШТОБОД А/ЙНИНГ 19 КМ;СТАЦИОНАР РАДАР;39.97834;68.411058;
Jizzax viloyati / Джизакская область / Jizzakh region;ЗОМИН ТУМАНИ;ЗОМИН ШАҲАРЧАСИ МУСТАҚИЛЛИК КЎЧАСИ ЗОМИН-ДАШТОБОД А/ЙНИНГ 19 КМ;СТАЦИОНАР РАДАР;39.97834;68.411058;
Jizzax viloyati / Джизакская область / Jizzakh region;ЖИЗЗАХ ШАҲРИ;4Р38 Ғаллаорол-Жиззах а/йўлининг 30,6 км А.Темур МФЙ кириш;СТАЦИОНАР РАДАР;40.0983970;67.7929080;
Jizzax viloyati / Джизакская область / Jizzakh region;ШАРОФ-РАШИДОВ ТУМАНИ;4Р36 Жиззах-Фориш а/йўлининг 10 км Ш.Рашидов т. Куёвбоши ҚФЙ;СТАЦИОНАР РАДАР;40.151761;67.750931;
Jizzax viloyati / Джизакская область / Jizzakh region;ЗАРБДОР ТУМАНИ;А-376 Қўқон-Жиззах а/йўлининг 284 км Зарбдор т. Бўстон ш;СТАЦИОНАР РАДАР;40.095764;68.043594;
Jizzax viloyati / Джизакская область / Jizzakh region;ЖИЗЗАХ ШАҲРИ;4Р38 Ғаллаорол-Жиззах а/йўлининг 30,6 км А.Темур МФЙ кириш;СТАЦИОНАР РАДАР;40.0983970;67.7929080;
Jizzax viloyati / Джизакская область / Jizzakh region;ШАРОФ-РАШИДОВ ТУМАНИ;Ш.РАШИДОВ ТУМАНИ А-376 ЖИЗЗАХ-ҚЎҚОН А/Й НИНГ 295 КМ ЯНГИХАЁТ ҚФЙ КИРИШ;СТАЦИОНАР РАДАР;40.095943;67.91247;
Jizzax viloyati / Джизакская область / Jizzakh region;ҒАЛЛАОРОЛ ТУМАНИ;ГАЛЛАОРОЛ ТУМАНИ М-39 ТЕРМИЗ-ТОШКЕНТ А/Й НИНГ 1013 КМ;СТАЦИОНАР РАДАР;40.033754;67.62634300000001;
Jizzax viloyati / Джизакская область / Jizzakh region;ШАРОФ-РАШИДОВ ТУМАНИ;4Р38 Жиззах-Гагарин а/йўлининг 13 км Уч-тепа ҚФЙ кириш;СТАЦИОНАР РАДАР;40.1825170;67.8622760;
Jizzax viloyati / Джизакская область / Jizzakh region;ШАРОФ-РАШИДОВ ТУМАНИ;4Р38 Жиззах-Гагарин а/йўлининг 13 км Уч-тепа ҚФЙ кириш;СТАЦИОНАР РАДАР;40.1825170;67.8622760;
Jizzax viloyati / Джизакская область / Jizzakh region;ҒАЛЛАОРОЛ ТУМАНИ;ҒАЛЛАОРОЛ ТУМАНИ МУЛКИШ ҚФЙ МЎЛЛАБУЛОҚ ҚИШЛОҒИ ТОШКЕНТ-ТЕРМИЗ А/ЙНИНГ 1024 КМ;СТАЦИОНАР РАДАР;39.961351;67.54766600000001;
Jizzax viloyati / Джизакская область / Jizzakh region;ДЎСТЛИК ТУМАНИ;4Р35 ЖИЗЗАХ-ГАГАРИН А/ЙНИНГ 55 КМ ДЎСТЛИК ТУМАНИ. А.НАВОИЙ АЯЖ;СТАЦИОНАР РАДАР;40.540536;68.05054699999999;
Jizzax viloyati / Джизакская область / Jizzakh region;ЗАРБДОР ТУМАНИ;А-376 Қўқон-Жиззах а/йўлининг 274 км Зарбдор т. Зарбдор ш;СТАЦИОНАР РАДАР;40.0874790;68.1675280;
Qashqadaryo viloyati / Кашкадарьинская область /  Kashkadarya region;ҒУЗОР ТУМАНИ;ҚАШҚАДАРЁ ВИЛ. ҒЎЗОР ТУМ. 4Р-79 А/Й НИНГ 22КМ КОВЧИН МФЙ МУСТАҚИЛЛИК КЎЧАСИ 9 УЙ РЎПАРАСИДА;СТАЦИОНАР РАДАР;38.847019;66.070395;
Qashqadaryo viloyati / Кашкадарьинская область /  Kashkadarya region;ҚАРШИ ШАҲРИ;ИСЛОМ КАРИМОВ V3 (ЧЕВАР ЧОРРАХАСИ);ПДД КАМЕРА;38.845893;65.796730;
Qashqadaryo viloyati / Кашкадарьинская область /  Kashkadarya region;ҚАРШИ ШАҲРИ;БУНЁДКОР R2 (ЧЕВАР ЧОРРАХАСИ);ПДД КАМЕРА;38.845893;65.796730;
Qashqadaryo viloyati / Кашкадарьинская область /  Kashkadarya region;ҚАРШИ ШАҲРИ;ИСЛОМ КАРИМОВ R3 (ЧЕВАР ЧОРРАХАСИ);ПДД КАМЕРА;38.845893;65.796730;
Qashqadaryo viloyati / Кашкадарьинская область /  Kashkadarya region;ҚАРШИ ШАҲРИ;ИСЛОМ КАРИМОВ R1 (ЧЕВАР ЧОРРАХАСИ);ПДД КАМЕРА;38.845893;65.796730;
Qashqadaryo viloyati / Кашкадарьинская область /  Kashkadarya region;ҚАРШИ ШАҲРИ;БУНЁДКОР V2 (ЧЕВАР ЧОРРАХАСИ);ПДД КАМЕРА;38.845893;65.796730;
Qashqadaryo viloyati / Кашкадарьинская область /  Kashkadarya region;ҚАРШИ ШАҲРИ;ИСЛОМ КАРИМОВ V1 (ЧЕВАР ЧОРРАХАСИ);ПДД КАМЕРА;38.845893;65.796730;
Qoraqalpog\'iston Respublikasi / Республика Каракалпакстан / The Republic of Karakalpakstan;АМУДАРЁ ТУМАНИ;4Р181 КИПЧОК-МАНГИТ-ТУРКМАНИСТОН РЕС. ЧЕГАРАСИ А.Й. 15,6 КМ (70КМ/С);СТАЦИОНАР РАДАР;42.135767;60.066425;
Qoraqalpog\'iston Respublikasi / Республика Каракалпакстан / The Republic of Karakalpakstan;БЕРУНИЙ ТУМАНИ;4R171 А А/Й 1-2 КМ ОРАЛИҒИ \"ОБИХАЁТ\" МФЙ;СТАЦИОНАР РАДАР;41.713654;60.70516;
Qoraqalpog\'iston Respublikasi / Республика Каракалпакстан / The Republic of Karakalpakstan;ЧИМБОЙ ТУМАНИ;4Р176 НУКУС-ЧИМБОЙ-ТАХТАКУПИР А.Й. 55 КМ (70КМ/С);СТАЦИОНАР РАДАР;42.875214;59.760614;
Qoraqalpog\'iston Respublikasi / Республика Каракалпакстан / The Republic of Karakalpakstan;НУКУС ШАҲРИ;4P-176 НУКУС-ЧИМБОЙ-ТАХТАКУПИР А.Й 13 КМ \"НУКУС ШАХРИ\";СТАЦИОНАР РАДАР;42.524557;59.619448;
Qoraqalpog\'iston Respublikasi / Республика Каракалпакстан / The Republic of Karakalpakstan;КУНГИРОТ ТУМАНИ;4Р173 КУНГРОТ-МОЙНОК А.Й. 3-4 КМ (50КМ/С);СТАЦИОНАР РАДАР;43.063258;58.860174;
Qoraqalpog\'iston Respublikasi / Республика Каракалпакстан / The Republic of Karakalpakstan;КАНЛИКОЛ ТУМАНИ;А-380 ГУЗОР-БУХОРО-НУКУС-БЕЙНЕУ А.Й. 847 КМ (70КМ/С);СТАЦИОНАР РАДАР;42.821412;58.991153;
Qoraqalpog\'iston Respublikasi / Республика Каракалпакстан / The Republic of Karakalpakstan;НУКУС ШАҲРИ;А.Дустназаров билан Беруний. (Туркистон чоррахаси);ПДД КАМЕРА;41.445938;59.630697;
Qoraqalpog\'iston Respublikasi / Республика Каракалпакстан / The Republic of Karakalpakstan;НУКУС ШАҲРИ;Ўзбекистон шох билан Беруний. (Карвонсарой чоррахаси);ПДД КАМЕРА;42.441583;59.624188;
Qoraqalpog\'iston Respublikasi / Республика Каракалпакстан / The Republic of Karakalpakstan;НУКУС ШАҲРИ;Режепова билан Қорақолпоғистон. (ФВВ чоррахаси);ПДД КАМЕРА;42.456578;59.585886;
Qoraqalpog\'iston Respublikasi / Республика Каракалпакстан / The Republic of Karakalpakstan;НУКУС ШАҲРИ;М.Жуманазаров билан А.Дустназаров (Тиббиёт колледжи чоррахаси);ПДД КАМЕРА;42.474216;59.617286;
Qoraqalpog\'iston Respublikasi / Республика Каракалпакстан / The Republic of Karakalpakstan;НУКУС ШАҲРИ;Т.Кайпбергенов билан И.Каримов (Манеж чоррахаси);ПДД КАМЕРА;42.471997;59.602172;
Qoraqalpog\'iston Respublikasi / Республика Каракалпакстан / The Republic of Karakalpakstan;НУКУС ШАҲРИ;Т.Кайпбергенов билан А.Дустназаров (Солиқ бошқармаси чоррахаси);ПДД КАМЕРА;42.465281;59.619812;
Qoraqalpog\'iston Respublikasi / Республика Каракалпакстан / The Republic of Karakalpakstan;НУКУС ШАҲРИ;Ещанов билан Беруний (Лас-Вегас ресторани чоррахаси);ПДД КАМЕРА;42.454621;59.641472;
Qoraqalpog\'iston Respublikasi / Республика Каракалпакстан / The Republic of Karakalpakstan;НУКУС ШАҲРИ;А.Темур билан А.Дустназаров (Юсель чоррахаси);ПДД КАМЕРА;42.457675;59.621973;
Qoraqalpog\'iston Respublikasi / Республика Каракалпакстан / The Republic of Karakalpakstan;НУКУС ШАҲРИ;Қорақолпоғистон билан Ўзбекистон шох (Ташкент меҳмонхонаси чоррахаси);ПДД КАМЕРА;42.458529;59.605798;
Qoraqalpog\'iston Respublikasi / Республика Каракалпакстан / The Republic of Karakalpakstan;ТЎРТКЎЛ ТУМАНИ;Турткул билан Нукус ( Тўрткўл чоррахаси );ПДД КАМЕРА;41.553222;60.990336;
Navoiy viloyati / Навоийская область / Navoi region;КАРМАНА ТУМАНИ;КАРМАНА ТУМАНИ М-37 АВТОМОБИЛ ЙЎЛИНИНГ 156 КМ 900 МЕТР КАРМАНА АЯЖ;СТАЦИОНАР РАДАР;40.144257;65.37817699999999;
Navoiy viloyati / Навоийская область / Navoi region;КАРМАНА ТУМАНИ;4N364G АВТОЙЎЛИНИНГ 1.9 КМ МАН AВТОСЕРВИС ҚАРШИСИДА;СТАЦИОНАР РАДАР;40.130964;65.350521;
Navoiy viloyati / Навоийская область / Navoi region;ҚИЗИЛТЕПА ТУМАНИ;ҚИЗИЛТЕПА ТУМАНИ 4R65 АВТОМОБИЛ ЙЎЛИНИНГ 19 КМ 800 М АРАБОН АЯЖ;СТАЦИОНАР РАДАР;39.944957;64.65789700000001;
Navoiy viloyati / Навоийская область / Navoi region;ХАТИРЧИ ТУМАНИ;4R48 АВТ.ЙЎЛИНИНГ 139 КМ 450 М ГУМБАЗ А.Я.Ж;СТАЦИОНАР РАДАР;40.091707;65.825165;
Navoiy viloyati / Навоийская область / Navoi region;КАРМАНА ТУМАНИ;КАРМАНА ТУМАНИ М37 АВТОМОБИЛ ЙЎЛИНИНГ 178 КМ 980М \"ТИР ПАРК\" ҚАРШИСИДА;СТАЦИОНАР РАДАР;40.117775;65.120909;
Navoiy viloyati / Навоийская область / Navoi region;КАРМАНА ТУМАНИ;4R64E АВТОЙЎЛИНИНГ 1 КМ КЎЗ КАСАЛЛИКЛАРИ ШИФОХОНАСИ ҚАРШИСИДА;СТАЦИОНАР РАДАР;40.140167;65.356343;
Navoiy viloyati / Навоийская область / Navoi region;КАРМАНА ТУМАНИ;КАРМАНА ТУМАНИ М-37 А/ЙНИНГ 168.2 КМ ДЎРМОН АЯЖ;СТАЦИОНАР РАДАР;40.135324;65.24835400000001;
Navoiy viloyati / Навоийская область / Navoi region;ҚИЗИЛТЕПА ТУМАНИ;ҚИЗИЛТЕПА ТУМАНИ М37 А/Й 208,8 КМ БУЛАКРАБОТ АЯЖ БУХОРО-НАВОИЙ ЙЎНАЛИШИ;СТАЦИОНАР РАДАР;40.053852;64.806899;
Navoiy viloyati / Навоийская область / Navoi region;НАВОИЙ ШАҲРИ;НИЗОМИЙ R4 (ТОНГ ЧОРРАХАСИ);ПДД КАМЕРА;40.123639;65.36243;
Navoiy viloyati / Навоийская область / Navoi region;НАВОИЙ ШАҲРИ;МЕЪМОРЛАР V1 (МАРКАЗИЙ БАНК ЧОРРАХАСИ);ПДД КАМЕРА;40.116237;65.370068;
Navoiy viloyati / Навоийская область / Navoi region;НАВОИЙ ШАҲРИ;И.КАРИМОВ R3 (ТОНГ ЧОРРАХАСИ);ПДД КАМЕРА;40.123639;65.36243;
Navoiy viloyati / Навоийская область / Navoi region;НАВОИЙ ШАҲРИ;МЕЪМОРЛАР V1 (9-БОЗОР ЧОРРАХАСИ);ПДД КАМЕРА;40.115245;65.366596;
Navoiy viloyati / Навоийская область / Navoi region;НАВОИЙ ШАҲРИ;ГАЛАБАШОХ V4 (МАРКАЗИЙ БАНК ЧОРРАХАСИ);ПДД КАМЕРА;40.116237;65.370068;
Navoiy viloyati / Навоийская область / Navoi region;НАВОИЙ ШАҲРИ;МЕЪМОРЛАР V2 (МАРКАЗИЙ БАНК ЧОРРАХАСИ);ПДД КАМЕРА;40.116237;65.370068;
Navoiy viloyati / Навоийская область / Navoi region;НАВОИЙ ШАҲРИ;ГАЛАБАШОХ V1 (МАРКАЗИЙ БАНК ЧОРРАХАСИ);ПДД КАМЕРА;40.116237;65.370068;
Navoiy viloyati / Навоийская область / Navoi region;НАВОИЙ ШАҲРИ;НИЗОМИЙ R2 (ТОНГ ЧОРРАХАСИ);ПДД КАМЕРА;40.123639;65.36243;
Navoiy viloyati / Навоийская область / Navoi region;НАВОИЙ ШАҲРИ;И.КАРИМОВ R1 (ТОНГ ЧОРРАХАСИ);ПДД КАМЕРА;40.123639;65.36243;
Navoiy viloyati / Навоийская область / Navoi region;НАВОИЙ ШАҲРИ;МЕЪМОРЛАР V3 (9-БОЗОР ЧОРРАХАСИ);ПДД КАМЕРА;40.115245;65.366596;
Navoiy viloyati / Навоийская область / Navoi region;НАВОИЙ ШАҲРИ;И.КАРИМОВ V2 (9-БОЗОР ЧОРРАХАСИ);ПДД КАМЕРА;40.115245;65.366596;
Navoiy viloyati / Навоийская область / Navoi region;НАВОИЙ ШАҲРИ;И.КАРИМОВ V4 (9-БОЗОР ЧОРРАХАСИ);ПДД КАМЕРА;40.115245;65.366596;
Toshkent viloyat / Ташкентская область / Tashkent region;БЎСТОНЛИҚ ТУМАНИ;БЎСТОНЛИҚ ТУМАНИ ТОВОКСОЙ КУРГОНИ  4Р6 ТОШКЕНТ Ш - ЧИРЧИК Ш - ЧИМЁН АВТОМОБИЛ ЙЎЛИНИНГ 42+800КМ;СТАЦИОНАР РАДАР;;69.673655;
Toshkent viloyat / Ташкентская область / Tashkent region;БЎСТОНЛИҚ ТУМАНИ;БЎСТОНЛИҚ ТУМАНИ ИСКАНДАР КУРГОНИ  4Р6 ТОШКЕНТ Ш - ЧИРЧИК Ш - ЧИМЁН АВТОМОБИЛ ЙЎЛИНИНГ 45+880КМ;СТАЦИОНАР РАДАР;;69.699978;
Toshkent viloyat / Ташкентская область / Tashkent region;ЎРТАЧИРЧИҚ ТУМАНИ;А373А \'\'А373 АВТОЙЎЛИДАН-ТОШКЕНТ ШАҲРИГА\'\' А/ЙНИНГ 28 КМ. ОРАЛИҒИДА АҲОЛИ ЯШАШ ПУНКТИ. \'\'ЎРТАСАРАЙ\'\';СТАЦИОНАР РАДАР;;69.4366666;
Toshkent viloyat / Ташкентская область / Tashkent region;ЎРТАЧИРЧИҚ ТУМАНИ;4Р 2 \"ТОШКЕНТ.Ш-ТЎЙТЕПА.Ш-А373А\"- 4Р 21 \"ТОШКЕНТ АЙЛАНМА ЙЎЛИ\" А/ЙНИНГ КЕСИШГАН ЧОРРАХАСИ;СТАЦИОНАР РАДАР;;69.33166660000001;
Toshkent viloyat / Ташкентская область / Tashkent region;ЎРТАЧИРЧИҚ ТУМАНИ;А373А \'\'А373 АВТОЙЎЛИДАН-ТОШКЕНТ ШАҲРИГА\'\' А/ЙНИНГ 28 КМ. ОРАЛИҒИДА АҲОЛИ ЯШАШ ПУНКТИ. \'\'ЎРТАСАРАЙ\'\';СТАЦИОНАР РАДАР;;69.4366666;
Toshkent viloyat / Ташкентская область / Tashkent region;ЎРТАЧИРЧИҚ ТУМАНИ;4Р 2 \"ТОШКЕНТ.Ш-ТЎЙТЕПА.Ш-А373А\"- 4Р 21 \"ТОШКЕНТ АЙЛАНМА ЙЎЛИ\" А/ЙНИНГ КЕСИШГАН ЧОРРАХАСИ;СТАЦИОНАР РАДАР;;69.33166660000001;
Toshkent viloyat / Ташкентская область / Tashkent region;ҚИБРАЙ ТУМАНИ;КИБРАЙ ТУМАНИ АРГИН МФЙ 4Р6 ТОШКЕНТ-ЧИРЧИК-ЧИМЁН 16КМ БЕКАТ ЯКИНИДА ТОШКЕНТ Й-Ш;СТАЦИОНАР РАДАР;;69.440494;
Toshkent viloyat / Ташкентская область / Tashkent region;ЎРТАЧИРЧИҚ ТУМАНИ;А373А \'\'А373 АВТОЙЎЛИДАН-ТОШКЕНТ ШАҲРИГА\'\' А/ЙНИНГ 28 КМ. ОРАЛИҒИДА АҲОЛИ ЯШАШ ПУНКТИ. \'\'ЎРТАСАРАЙ\'\';СТАЦИОНАР РАДАР;;69.4366666;
Toshkent viloyat / Ташкентская область / Tashkent region;ЎРТАЧИРЧИҚ ТУМАНИ;А373А \'\'А373 АВТОЙЎЛИДАН-ТОШКЕНТ ШАҲРИГА\'\' А/ЙНИНГ 28 КМ. ОРАЛИҒИДА АҲОЛИ ЯШАШ ПУНКТИ. \'\'ЎРТАСАРАЙ\'\';СТАЦИОНАР РАДАР;;69.4366666;
Toshkent viloyat / Ташкентская область / Tashkent region;ҚИБРАЙ ТУМАНИ;КИБРАЙ ТУМАНИ БУНЁДКОР МФЙ  4Р5 ТОШКЕНТ-КИБРАЙ-МАЙ 2 КМ ТОШКЕНТ Й-Ш;СТАЦИОНАР РАДАР;;69.35892800000001;
Toshkent viloyat / Ташкентская область / Tashkent region;ЧИРЧИҚ ШАҲРИ;ЧИРЧИК Ш А.НАВОИЙ ШОХКУЧАСИ 4Р6 ТОШКЕНТ-ЧИРЧИК-ЧИМЁН 30+300КМ МАХАМ ЧИРЧИҚ ЗАВОД ЯКИНИДА БЎСТОНЛИК Й;СТАЦИОНАР РАДАР;;69.573055;
Toshkent viloyat / Ташкентская область / Tashkent region;ОХАНГОРОН ТУМАНИ;А373А \'\'А373 АВТОЙЎЛИДАН-ТОШКЕНТ ШАҲРИГА\'\' А/ЙНИНГ 10 КМ. АҲОЛИ ЯШАШ ПУНКТИ.ДАН ТАШҚАРИДА;СТАЦИОНАР РАДАР;;69.5294444;
Toshkent viloyat / Ташкентская область / Tashkent region;ҚИБРАЙ ТУМАНИ;КИБРАЙ ТУМАНИ УЙМАУТ МФЙ 4Р6 ТОШКЕНТ-ЧИРЧИК-ЧИМЁН 19 КМ 267-УЙ ҚАРШИСИ ТОШКЕНТ Й-Ш;СТАЦИОНАР РАДАР;;69.47731;
Toshkent viloyat / Ташкентская область / Tashkent region;БЎСТОНЛИҚ ТУМАНИ;БЎСТОНЛИҚ ТУМАНИ 4Р12 БЕКТЕМИР ЧИРЧИҚ Ш ҒАЗАЛКЕНТ ЧОРБОҒ ҚЎРҒОНИ ҚОРОНҚУЛ МФЙ 66+250 КМ ЧОРБОҒ Й-Н;СТАЦИОНАР РАДАР;;69.87495;
Toshkent viloyat / Ташкентская область / Tashkent region;ОХАНГОРОН ТУМАНИ;А373А \'\'А373 АВТОЙЎЛИДАН-ТОШКЕНТ ШАҲРИГА\'\' А/ЙНИНГ 10 КМ. АҲОЛИ ЯШАШ ПУНКТИ.ДАН ТАШҚАРИДА;СТАЦИОНАР РАДАР;;69.52972219999999;
Toshkent viloyat / Ташкентская область / Tashkent region;БЎСТОНЛИҚ ТУМАНИ;БЎСТОНЛИҚ ТУМАНИ 4Р12 БЕКТЕМИР ЧИРЧИҚ Ш ҒАЗАЛКЕНТ ЧОРБОҒ ҚЎРҒОНИ ҚОРОНҚУЛ МФЙ 66+250 КМ ТОШЕНТ Й-Н;СТАЦИОНАР РАДАР;;69.87495;
Toshkent viloyat / Ташкентская область / Tashkent region;ОХАНГОРОН ТУМАНИ;А373А \'\'А373 АВТОЙЎЛИДАН-ТОШКЕНТ ШАҲРИГА\'\' А/ЙНИНГ 23 КМ. АҲОЛИ ЯШАШ ПУНКТИ.ДАН ТАШҚАРИДА;СТАЦИОНАР РАДАР;;69.46611110000001;
Toshkent viloyat / Ташкентская область / Tashkent region;ЧИРЧИҚ ШАҲРИ;ЧИРЧИК Ш А.НАВОИЙ ШОХ КЎЧАСИ 4Р6ТОШКЕНТ-ЧИРЧИК-ЧИМЁН 30+300 КМ МАХАМ ЧИРЧИК ЗАВОД ЯКИНИДА;СТАЦИОНАР РАДАР;;69.573055;
Toshkent viloyat / Ташкентская область / Tashkent region;ОХАНГОРОН ТУМАНИ;ТОШКЕНТ Й;СТАЦИОНАР РАДАР;;69.4669444;
Toshkent viloyat / Ташкентская область / Tashkent region;БЎСТОНЛИҚ ТУМАНИ;А373А \'\'А373 АВТОЙЎЛИДАН-ТОШКЕНТ ШАҲРИГА\'\' А/ЙНИНГ 23 КМ. АҲОЛИ ЯШАШ ПУНКТИ.ДАН ТАШҚАРИДА;СТАЦИОНАР РАДАР;;69.801331;
Toshkent viloyat / Ташкентская область / Tashkent region;БЎСТОНЛИҚ ТУМАНИ;БЎСТОНЛИҚ ТУМАНИ ГАЗАЛКЕНТ Ш 4Р6 ТОШКЕНТ Ш-ЧИРЧИК Ш-ЧИМЁН АВТОМОБИЛ ЙЎЛИНИНГ 55+50КМ ЧОРВОК ЙУНАЛИШИ;СТАЦИОНАР РАДАР;;69.617268;
Toshkent viloyat / Ташкентская область / Tashkent region;БЎСТОНЛИҚ ТУМАНИ;БЎСТОНЛИҚ ТУМАНИ 4Р12 БЕКТЕМИР ЧИРЧИҚ Ш ҒАЗАЛКЕНТ ЧОРБОҒ ҚЎРҒОНИ КУШКОРГОН МФЙ 40 КМ ЧОРБОҒ Й-Н;СТАЦИОНАР РАДАР;;69.61922;
Toshkent viloyat / Ташкентская область / Tashkent region;БЎСТОНЛИҚ ТУМАНИ;БЎСТОНЛИҚ ТУМАНИ 4Р12 БЕКТЕМИР ЧИРЧИҚ Ш ҒАЗАЛКЕНТ ЧОРБОҒ ҚЎРҒОНИ КУШКОРГОН МФЙ 40+800КМ ТОШКЕНТ Й-Н;СТАЦИОНАР РАДАР;;69.713933;
Toshkent viloyat / Ташкентская область / Tashkent region;ЧИРЧИҚ ШАҲРИ;БЎСТОНЛИҚ ТУМАНИ ИСКАНДАР КУРГОНИ 4Р6 ТОШКЕНТ Ш-ЧИРЧИК Ш-ЧИМЁН А/ЙНИНГ 47+150КМ СОМСАХОНА КАРШИСИ;СТАЦИОНАР РАДАР;;69.567521;
Toshkent viloyat / Ташкентская область / Tashkent region;ҚИБРАЙ ТУМАНИ;ТОШКЕНТ ВИЛОЯТИ ЧИРЧИК ШАХРИ А.ТЕМУР ШОХ КУЧАСИ 1-2 КМ ОРАЛИҒИ ЗАПРАВКА ЯКИНИДА;СТАЦИОНАР РАДАР;;69.483451;
Toshkent viloyat / Ташкентская область / Tashkent region;ОХАНГОРОН ТУМАНИ;\" КИБРАЙ ТУМАНИ УЙМАУТ МФЙ 4Р6 ТОШКЕНТ-ЧИРЧИК-ЧИМЁН 19 КМ АЁКШ ЯКИНИДА ЧИРЧИҚ Й-Ш;СТАЦИОНАР РАДАР;;;
Toshkent viloyat / Ташкентская область / Tashkent region;БЎСТОНЛИҚ ТУМАНИ;А373\'\'М39 А/Й-ГУЛИСТОН-БЎКА-АНГРЕН-ҚЎҚОН ВА АНДИЖОН ОРҚАЛИ-ЎШ\'\' А/Й 148КМ. А/Я ПУНКТИ.ДАН ТАШҚАРИ;СТАЦИОНАР РАДАР;;69.7888888;
Toshkent viloyat / Ташкентская область / Tashkent region;ЧИРЧИҚ ШАҲРИ;БЎСТОНЛИҚ ТУМАНИ 4Р12 БЕКТЕМИР ЧИРЧИҚ Ш ҒАЗАЛКЕНТ ЧОРБОҒ ҚЎРҒОНИ ЯНГИОВУЛ МФЙ 44+450 КМ ЧОРБОҒ Й-Н;СТАЦИОНАР РАДАР;;69.7888888;
Toshkent viloyat / Ташкентская область / Tashkent region;АНГРЕН ШАҲРИ;ЧИРЧИК ШАХРИ 4Р6 ТОШКЕНТ Ш-ЧИРЧИК Ш-ЧИМЁН А-ЙНИНГ 35 КМ КАМОЛОТ КЎЧАСИ 75 УЙ ҚАРШИСИ ТОШКЕНТ ЙУНАЛИШ;ПДД КАМЕРА;;69.66046;
Toshkent viloyat / Ташкентская область / Tashkent region;АНГРЕН ШАҲРИ;А373 \'\'М39 АЙ-ГУЛИСТОН-БЎКА-АНГРЕН-ҚЎҚОН-АНДИЖОН-ЎШ\'\' А/ЙНИНГ 180 КМ.ОРАЛИҒИДА А/Я ПУНКТИ.\'\'АНГРЕН\'\';ПДД КАМЕРА;;69.609376;
Toshkent viloyat / Ташкентская область / Tashkent region;АНГРЕН ШАҲРИ;А373\'\'М39 АЙ-АНГРЕН-АНДИЖОН-ЎШ\'\'АЙ 174 КМ. 4Р17Б \'А373 АЙ АНГРЕН ШАҲРИ ШАХОБЧА\'\'АЙ КЕСИШГАН ЧОРРАҲА.;ПДД КАМЕРА;;70.1245;
Toshkent viloyat / Ташкентская область / Tashkent region;ОХАНГОРОН ТУМАНИ;А373\'\'М39 АЙ-АНГРЕН-ҚЎҚОН-АНДИЖОН-ЎШ\'\'АЙНИНГ 176 КМ. ЁШЛАР КЎЧАСИ КЕСИШГАН ЧОРРАҲА. АНРГЕН ШАҲАР;ПДД КАМЕРА;;70.06338;
Toshkent viloyat / Ташкентская область / Tashkent region;ОХАНГОРОН ТУМАНИ;А373\'\'М39 ГУЛИСТОН-АНДИЖОН-ЎШ\'\'АЙНИНГ 143 КМ.\'\'ТУТ ҚИШЛОҒИ ШАҲОБЧА\'\'АЙНГ 0 КМ ЧОРРАҲА.ҚОРАХИТОЙ АЯЖ;ПДД КАМЕРА;;70.09035;
Toshkent viloyat / Ташкентская область / Tashkent region;ОХАНГОРОН ТУМАНИ;А373\'\'М39 АЙ-АНГРЕН-АНДИЖОН-ЎШ\'\'АЙНИНГ 172 КМ.БИЛАН 4Р184\'\'АНГРЕН АЙЛАНМА ЙЎЛИ\'\'АЙ КЕСИШГАН ЧОРРАҲА.;ПДД КАМЕРА;;69.73372000000001;
Toshkent viloyat / Ташкентская область / Tashkent region;АНГРЕН ШАҲРИ;А373\"М39 ГУЛИСТОН-АНДИЖОН-ЎШ\"АЙ 131 КМ.БИЛАН А373А\"А373 АЙДАН-ТОШКЕНТ ШАҲРИГА\"0 КМ КЕСИШГАН ЧОРРАҲА.;ПДД КАМЕРА;;70.04407999999999;
Toshkent viloyat / Ташкентская область / Tashkent region;АНГРЕН ШАҲРИ;А373\'\'М39 АЙ-АНГРЕН-АНДИЖОН-ЎШ\'\'АЙ 174 КМ. 4Р17Б \'А373 АЙ АНГРЕН ШАҲРИ ШАХОБЧА\'\'АЙ КЕСИШГАН ЧОРРАҲА.;ПДД КАМЕРА;;69.598;
Toshkent viloyat / Ташкентская область / Tashkent region;АНГРЕН ШАҲРИ;А373\'\'М39 АЙ-АНГРЕН-ҚЎҚОН-АНДИЖОН-ЎШ\'\'АЙНИНГ 176 КМ. ЁШЛАР КЎЧАСИ КЕСИШГАН ЧОРРАҲА. АНРГЕН ШАҲАР;ПДД КАМЕРА;;70.06376;
Toshkent viloyat / Ташкентская область / Tashkent region;АНГРЕН ШАҲРИ;А373\'\'М39 АЙ-АНГРЕН-АНДИЖОН-ЎШ\'\'АЙ 174 КМ. 4Р17Б \'А373 АЙ АНГРЕН ШАҲРИ ШАХОБЧА\'\'АЙ КЕСИШГАН ЧОРРАҲА.;ПДД КАМЕРА;;70.08931;
Toshkent viloyat / Ташкентская область / Tashkent region;ОХАНГОРОН ТУМАНИ;А373\'\'М39 АЙ-АНГРЕН-ҚЎҚОН-АНДИЖОН-ЎШ\'\'АЙНИНГ 176 КМ. ЁШЛАР КЎЧАСИ КЕСИШГАН ЧОРРАҲА. АНРГЕН ШАҲАР;ПДД КАМЕРА;;70.06338;
Toshkent viloyat / Ташкентская область / Tashkent region;АНГРЕН ШАҲРИ;А373\"М39 ГУЛИСТОН-АНДИЖОН-ЎШ\"АЙ 131 КМ.БИЛАН А373А\"А373 АЙДАН-ТОШКЕНТ ШАҲРИГА\"0 КМ КЕСИШГАН ЧОРРАҲА.;ПДД КАМЕРА;;70.09035;
Toshkent viloyat / Ташкентская область / Tashkent region;ОХАНГОРОН ТУМАНИ;А373 \'\'М39 АЙ-АНГРЕН-АНДИЖОН-ЎШ\'\' АЙНИНГ 175 КМ. ИСТИҚЛОЛ КЎЧАСИ КЕСИШГАН ЧОРРАҲА. АНРГЕН ШАҲАР;ПДД КАМЕРА;;69.598;
Toshkent viloyat / Ташкентская область / Tashkent region;АНГРЕН ШАҲРИ;А373\"М39 ГУЛИСТОН-АНДИЖОН-ЎШ\"АЙ 131 КМ.БИЛАН А373А\"А373 АЙДАН-ТОШКЕНТ ШАҲРИГА\"0 КМ КЕСИШГАН ЧОРРАҲА.;ПДД КАМЕРА;;70.08071;
Toshkent viloyat / Ташкентская область / Tashkent region;АНГРЕН ШАҲРИ;А373 \'\'М39 АЙ-АНГРЕН-АНДИЖОН-ЎШ\'\' АЙНИНГ 175 КМ. ИСТИҚЛОЛ КЎЧАСИ КЕСИШГАН ЧОРРАҲА. АНРГЕН ШАҲАР;ПДД КАМЕРА;;69.598;
Toshkent viloyat / Ташкентская область / Tashkent region;ОХАНГОРОН ТУМАНИ;А373 \'\'М39 АЙ-ГУЛИСТОН-БЎКА-АНГРЕН-ҚЎҚОН-АНДИЖОН-ЎШ\'\' А/ЙНИНГ 180 КМ.ОРАЛИҒИДА А/Я ПУНКТИ.\'\'АНГРЕН\'\';ПДД КАМЕРА;;70.08071;
Toshkent viloyat / Ташкентская область / Tashkent region;АНГРЕН ШАҲРИ;А373\'\'М39 ГУЛИСТОН-АНДИЖОН-ЎШ\'\'АЙНИНГ 143 КМ.\'\'ТУТ ҚИШЛОҒИ ШАҲОБЧА\'\'АЙНГ 0 КМ ЧОРРАҲА.ҚОРАХИТОЙ АЯЖ;ПДД КАМЕРА;;70.12475000000001;
Toshkent viloyat / Ташкентская область / Tashkent region;АНГРЕН ШАҲРИ;А373 \'\'М39 АЙ-АНГРЕН-АНДИЖОН-ЎШ\'\' АЙНИНГ 175 КМ. ИСТИҚЛОЛ КЎЧАСИ КЕСИШГАН ЧОРРАҲА. АНРГЕН ШАҲАР;ПДД КАМЕРА;;69.73372000000001;
Toshkent viloyat / Ташкентская область / Tashkent region;ЧИРЧИҚ ШАҲРИ;А373\'\'М39 АЙ-АНГРЕН-АНДИЖОН-ЎШ\'\'АЙНИНГ 172 КМ.БИЛАН 4Р184\'\'АНГРЕН АЙЛАНМА ЙЎЛИ\'\'АЙ КЕСИШГАН ЧОРРАҲА.;ПДД КАМЕРА;;70.08071;
Toshkent viloyat / Ташкентская область / Tashkent region;ОХАНГОРОН ТУМАНИ;ТОШКЕНТ.ВИЛ ЧИРЧИҚ.Ш 4P6 ТОШКЕНТ-ЧИРЧИҚ-ЧИМЁН А/Й НИНГ 32-5КМ ЧИРЧИҚ БОЗОР ҚАРШИСИ;ПДД КАМЕРА;;70.04407999999999;
Toshkent viloyat / Ташкентская область / Tashkent region;АНГРЕН ШАҲРИ;А373\"М39 ГУЛИСТОН-АНДИЖОН-ЎШ\"АЙ 131 КМ.БИЛАН А373А\"А373 АЙДАН-ТОШКЕНТ ШАҲРИГА\"0 КМ КЕСИШГАН ЧОРРАҲА.;ПДД КАМЕРА;;69.588551;
Toshkent viloyat / Ташкентская область / Tashkent region;АНГРЕН ШАҲРИ;А373 \'\'М39 АЙ-ГУЛИСТОН-БЎКА-АНГРЕН-ҚЎҚОН-АНДИЖОН-ЎШ\'\' А/ЙНИНГ 170 КМ.ОРАЛИҒИДА А/Я ПУНКТИ.\'\'АНГРЕН\'\';ПДД КАМЕРА;;69.598;
Toshkent viloyat / Ташкентская область / Tashkent region;ЧИРЧИҚ ШАҲРИ;А373 \'\'М39 АЙ-ГУЛИСТОН-БЎКА-АНГРЕН-ҚЎҚОН-АНДИЖОН-ЎШ\'\' А/ЙНИНГ 170 КМ.ОРАЛИҒИДА А/Я ПУНКТИ.\'\'АНГРЕН\'\';ПДД КАМЕРА;;70.02709;
Toshkent viloyat / Ташкентская область / Tashkent region;АНГРЕН ШАҲРИ;ТОШКЕНТ.ВИЛ ЧИРЧИҚ.Ш 4P6 ТОШКЕНТ-ЧИРЧИҚ-ЧИМЁН А/Й НИНГ 32-85КМ ЧИРЧИҚ ШОҲ БЕКАТИ ҚАРШИСИ;ПДД КАМЕРА;;70.02853;
Toshkent viloyat / Ташкентская область / Tashkent region;АНГРЕН ШАҲРИ;А373 \'\'М39 АЙ-ГУЛИСТОН-БЎКА-АНГРЕН-ҚЎҚОН-АНДИЖОН-ЎШ\'\' А/ЙНИНГ 173 КМ.ОРАЛИҒИДА А/Я ПУНКТИ.\'\'АНГРЕН\'\';ПДД КАМЕРА;;69.590785;
Toshkent viloyat / Ташкентская область / Tashkent region;АНГРЕН ШАҲРИ;А373\'\'М39 АЙ-АНГРЕН-ҚЎҚОН-АНДИЖОН-ЎШ\'\'АЙНИНГ 176 КМ. ЁШЛАР КЎЧАСИ КЕСИШГАН ЧОРРАҲА. АНРГЕН ШАҲАР;ПДД КАМЕРА;;70.05869;
Toshkent viloyat / Ташкентская область / Tashkent region;АНГРЕН ШАҲРИ;А373 \'\'М39 АЙ-ГУЛИСТОН-БЎКА-АНГРЕН-ҚЎҚОН-АНДИЖОН-ЎШ\'\' А/ЙНИНГ 173 КМ.ОРАЛИҒИДА А/Я ПУНКТИ.\'\'АНГРЕН\'\';ПДД КАМЕРА;;70.09035;
Toshkent viloyat / Ташкентская область / Tashkent region;ОХАНГОРОН ТУМАНИ;А373\'\'М39 АЙ-АНГРЕН-АНДИЖОН-ЎШ\'\'АЙНИНГ 172 КМ.БИЛАН 4Р184\'\'АНГРЕН АЙЛАНМА ЙЎЛИ\'\'АЙ КЕСИШГАН ЧОРРАҲА.;ПДД КАМЕРА;;70.05869;
Toshkent viloyat / Ташкентская область / Tashkent region;ОХАНГОРОН ТУМАНИ;А373\'\'М39 АЙ-БЎКА-АНГРЕН-ҚЎҚОН-АНДИЖОН-ЎШ\'\' АЙНИНГ 135,5КМ.ДАГИ ЧОРРАҲА.ОҲАНГАРОН ШАҲАР.;ПДД КАМЕРА;;70.04407999999999;
Toshkent viloyat / Ташкентская область / Tashkent region;ОХАНГОРОН ТУМАНИ;А373\'\'М39 АЙ-БЎКА-АНГРЕН-ҚЎҚОН-АНДИЖОН-ЎШ\'\' АЙНИНГ 135,5КМ.ДАГИ ЧОРРАҲА.ОҲАНГАРОН ШАҲАР.;ПДД КАМЕРА;;69.64655999999999;
Toshkent viloyat / Ташкентская область / Tashkent region;БЎСТОНЛИҚ ТУМАНИ;А373\'\'М39 АЙ-БЎКА-АНГРЕН-ҚЎҚОН-АНДИЖОН-ЎШ\'\' АЙНИНГ 133КМ.ДАГИ ЧОРРАҲА.ОҲАНГАРОН ШАҲАР.;ПДД КАМЕРА;;69.64655999999999;
Toshkent viloyat / Ташкентская область / Tashkent region;ЧИРЧИҚ ШАҲРИ;ХЎЖАКЕНТ МФЙ 4Р10 ЧОРВОҚ СУВ ОМБОРИ ҲАЛҚА ЙЎЛИ 0+300 МЕТР ОРАЛИҒИ ТЯНЬШАН КАФЕСИ ҚАРШИСИ;ПДД КАМЕРА;;69.62513;
Toshkent viloyat / Ташкентская область / Tashkent region;БЎСТОНЛИҚ ТУМАНИ;ЧИРЧИҚ ШАҲРИ ОҚҚОВОҚ ЧОРРАҲАСИ 4Р6 ТОШКЕНТ-ЧИРЧИҚ-ЧИМЁН АВТОМОБИЛЬ ЙЎЛИНИНГ 28+500 КМ;ПДД КАМЕРА;41.622777;;
Toshkent viloyat / Ташкентская область / Tashkent region;ОХАНГОРОН ТУМАНИ;ТОШКЕНТ ВИЛОЯТИ БЎСТОНЛИҚ ТУМ. ҒАЗАЛКЕНТ.Ш 4H742 (4Р12 54КМ - 4Р652КМ) А/ЙНИНГ 3КМ СТАДИОН ҚАРШИСИ;ПДД КАМЕРА;41.447827;;
Toshkent viloyat / Ташкентская область / Tashkent region;ОХАНГОРОН ТУМАНИ;А373\'\'М39 АЙ-БЎКА-АНГРЕН-ҚЎҚОН-АНДИЖОН-ЎШ\'\' АЙНИНГ 133КМ.ДАГИ ЧОРРАҲА.ОҲАНГАРОН ШАҲАР.;ПДД КАМЕРА;;69.768488;
Toshkent viloyat / Ташкентская область / Tashkent region;БЎСТОНЛИҚ ТУМАНИ;А373\'\'М39 АЙ-БЎКА-АНГРЕН-ҚЎҚОН-АНДИЖОН-ЎШ\'\' АЙНИНГ 135КМ.ДАГИ ЧОРРАҲА.ОҲАНГАРОН ШАҲАР.;ПДД КАМЕРА;;69.62513;
Toshkent viloyat / Ташкентская область / Tashkent region;ОХАНГОРОН ТУМАНИ;ХЎЖАКЕНТ МФЙ 4Р10 ЧОРВОҚ СУВ ОМБОРИ ҲАЛҚА ЙЎЛИ 0+300 МЕТР ОРАЛИҒИ АРБАТ КАФЕСИ ҚАРШИСИ;ПДД КАМЕРА;;69.63903999999999;
Surxondaryo viloyati / Сурхандарьинская область / Surkhandarya region;ТЕРМИЗ ТУМАНИ;СУРХОНДАРЁ ВИЛОЯТИ,ТЕРМИЗ ТУМАНИ, \"ЛИМОЗОР\" МАХАЛЛАСИ, М39 ЙЎЛИНИНГ 10 КМ ТЕРМИЗ-ТОШКЕНТ ЙЎНАЛИШИ;СТАЦИОНАР РАДАР;;;
Surxondaryo viloyati / Сурхандарьинская область / Surkhandarya region;ТЕРМИЗ ШАҲРИ;Термез- Душанбе Surxandaryo viloyati, Denov tumani, Namazga QH ( m-41va m-34 avtoyoli kesishgan holda 568 km);СТАЦИОНАР РАДАР;;;
Surxondaryo viloyati / Сурхандарьинская область / Surkhandarya region;ТЕРМИЗ ШАҲРИ;Термез- ДушанSurxandaryo viloyati, Shurchi tumani, Zaribdor QH ( m-41va m-34 avtoyoli kesishgan holda 605 km);СТАЦИОНАР РАДАР;;;
Surxondaryo viloyati / Сурхандарьинская область / Surkhandarya region;ТЕРМИЗ ШАҲРИ;Ташкент – Термез Surxandaryo viloyati, Angor tumani Yangibozor QH ( m-39 avtoyoli 657 km);СТАЦИОНАР РАДАР;;;
Toshkent shahri / Город Ташкент / Tashkent city;ЯККАСАРОЙ ТУМАНИ;ЯККАСАРОЙ ТУМАНИ Ш.РУСТАВЕЛИ КЎЧАСИ 66-УЙ ҚАРШИСИДА;СТАЦИОНАР РАДАР;;;
Toshkent shahri / Город Ташкент / Tashkent city;МИРЗО УЛУҒБЕК ТУМАНИ;МИРЗО УЛУҒБЕК ТУМАНИ ПАРКЕНТ КЎЧАСИ (БУЮК ИПАК ЙЎЛИ БАНКИ) 172-УЙ ҚАРШИСИДА;СТАЦИОНАР РАДАР;;;
Toshkent shahri / Город Ташкент / Tashkent city;ЮНУСОБОД ТУМАНИ;ЮНУСОБОД ТУМАНИ А.ТЕМУР КЎЧАСИ \"ТЕЛЕМИНОРА\" ҚАРШИСИДА;СТАЦИОНАР РАДАР;;;
Toshkent shahri / Город Ташкент / Tashkent city;ОЛМАЗОР ТУМАНИ;ОЛМАЗОР ТУМАНИ НУРАФШОН АЙЛАНМА КЎЧАСИ 4А УЙ ҚАРШИСИДА;СТАЦИОНАР РАДАР;;;
Toshkent shahri / Город Ташкент / Tashkent city;БЕКТЕМИР ТУМАНИ;БЕКТЕМИР ТУМ. ТХАЙ-\"МЕТАН\" ГАЗ ҚУЙИШ ШАХОБЧАСИ;СТАЦИОНАР РАДАР;;;
Toshkent shahri / Город Ташкент / Tashkent city;ЮНУСОБОД ТУМАНИ;ЮНУСОБОД ТУМАНИ, АМИР ТЕМУР ШОХ КЎЧАСИ, \"ТОШКЕНТ ТЕЛЕМИНОРАСИ\" ҚАРШИСИДА;СТАЦИОНАР РАДАР;;;
Toshkent shahri / Город Ташкент / Tashkent city;ЯККАСАРОЙ ТУМАНИ;ТОШКЕНТ Ш.,ЯККАСАРОЙ ТУМАНИ,КХАЙ,118 УЙ КАРШИСИ;СТАЦИОНАР РАДАР;;;
Toshkent shahri / Город Ташкент / Tashkent city;ЮНУСОБОД ТУМАНИ;ТОШКЕНТ.Ш,ЮНУСОБОД ТУМАНИ,ТХАЙ \"ТОШКЕНТ ГЎШТ МАРКАЗИ\" ҚАРШИСИДА;СТАЦИОНАР РАДАР;;;
Toshkent shahri / Город Ташкент / Tashkent city;ЧИЛОНЗОР ТУМАНИ;ТОШКЕНТ Ш., ЧИЛОНЗОР ТУМАНИ, БУНЁДКОР ШОХ КЎЧАСИ, АДИБЛАР ХИЁБОНИ ҚАРШИСИДА;СТАЦИОНАР РАДАР;;;
Toshkent shahri / Город Ташкент / Tashkent city;МИРЗО УЛУҒБЕК ТУМАНИ;Тошкент ш., М.Улуғбек тумани, Темур Малик кучаси, 35 А уй каршисида;СТАЦИОНАР РАДАР;;;
Toshkent shahri / Город Ташкент / Tashkent city;ЯШНОБОД ТУМАНИ;ЯШНОБОД ТУМАНИ, МАХТУМКУЛИ КЎЧАСИ, 5 УЙ ҚАРШИСИДА;СТАЦИОНАР РАДАР;;;
Toshkent shahri / Город Ташкент / Tashkent city;ЯШНОБОД ТУМАНИ;ЯШНОБОД ТУМ. ОХАНГАРОН ЙЎЛИ-ШОХИМАРДОН КЎЧАЛАРИ КЕСИШМАСИ;СТАЦИОНАР РАДАР;;;
Toshkent shahri / Город Ташкент / Tashkent city;МИРЗО УЛУҒБЕК ТУМАНИ;МИРЗО УЛУҒБЕК ТУМАНИ ПАРКЕНТ КЎЧАСИ 9-УЙ ҚАРШИСИДА;СТАЦИОНАР РАДАР;;;
Toshkent shahri / Город Ташкент / Tashkent city;ЧИЛОНЗОР ТУМАНИ;ТОШКЕНТ.Ш, ЧИЛОНЗОР ТУМАНИ, ТХАЙ \"БАХМАЛ ГРОУП\" ТЕКСТИЛ ДЎКОНИ ҚАРШИСИДА;СТАЦИОНАР РАДАР;;;
Toshkent shahri / Город Ташкент / Tashkent city;ЧИЛОНЗОР ТУМАНИ;ЧИЛОНЗОР ТУМАНИ, ТХАЙ-НАРИМОН ХОДЖИБАЕВ КЎЧАСИ 1 УЙ ҚАРШИСИДА;СТАЦИОНАР РАДАР;;;
Toshkent shahri / Город Ташкент / Tashkent city;ШАЙХОНТОХУР ТУМАНИ;ШАЙХОНТОХУР ТУМ. НУРАФШОН КЎЧАСИ 16-УЙ ҚАРШИСИДА;СТАЦИОНАР РАДАР;;;
Toshkent shahri / Город Ташкент / Tashkent city;ЯШНОБОД ТУМАНИ;ЯШНОБОД ТУМАНИ ПАРКЕНТ КЎЧАСИ ШОШ КАФЕСИ ҚАРШИСИДА;СТАЦИОНАР РАДАР;;;
Toshkent shahri / Город Ташкент / Tashkent city;МИРЗО УЛУҒБЕК ТУМАНИ;M.УЛУҒБЕК ТУМАНИ,КХАЙ КЎЧАСИ, САЛАР КЎПРИГИГА ЕТМАСДАН;СТАЦИОНАР РАДАР;;;
Toshkent shahri / Город Ташкент / Tashkent city;ЯШНОБОД ТУМАНИ;ТОШКЕНТ.Ш,ЯШНОБОД ТУМАНИ,ОХАНГАРОН ЙЎЛИ-ШОХИМАРДОН КЎЧАЛАРИ КЕСИШМАСИ ҚАРШИСИДА;СТАЦИОНАР РАДАР;;;
Toshkent shahri / Город Ташкент / Tashkent city;ШАЙХОНТОХУР ТУМАНИ;ТОШКЕНТ.Ш,ШАЙХОНТОХУР ТУМАНИ,НУРАФШОН ХАМДА С.УМАРОВ КЎЧАЛАРИ 1-УЙ ҚАРШИСИДА;СТАЦИОНАР РАДАР;;;
Toshkent shahri / Город Ташкент / Tashkent city;ЮНУСОБОД ТУМАНИ;ТОШКЕНТ.Ш, ЮНУСОБОД ТУМАНИ,БОҒИШАМОЛ КЎЧАСИ, 159-УЙ ҚАРШИСИДА;СТАЦИОНАР РАДАР;;;
Toshkent shahri / Город Ташкент / Tashkent city;ШАЙХОНТОХУР ТУМАНИ;ТОШКЕНТ.Ш,ШАЙХОНТОХУР ТУМАНИ,НУРАФШОН КЎЧАСИ, 16 УЙ ҚАРШИСИДА;СТАЦИОНАР РАДАР;;;
Toshkent shahri / Город Ташкент / Tashkent city;СИРҒАЛИ ТУМАНИ;ТОШКЕНТ.Ш, СИРҒАЛИ ТУМАНИ, ТХАЙ ДУК\"СУВСОЗ\" ҚАРШИСИДА;СТАЦИОНАР РАДАР;;;
Toshkent shahri / Город Ташкент / Tashkent city;СИРҒАЛИ ТУМАНИ;ТОШКЕНТ.Ш, СИРҒАЛИ ТУМАНИ, ТХАЙ ДУК\"СУВСОЗ\" ҚАРШИСИДА;СТАЦИОНАР РАДАР;;;
Toshkent shahri / Город Ташкент / Tashkent city;ЯШНОБОД ТУМАНИ;ЯШНОБОД ТУМАНИ \"2 АВТОБУС САРОЙИ\" ҚАРШИСИДА;СТАЦИОНАР РАДАР;;;
Toshkent shahri / Город Ташкент / Tashkent city;ЧИЛОНЗОР ТУМАНИ;ЧИЛОНЗОР ТУМАНИ, БУНЁДКОР ШОХ КЎЧАСИ 57Б УЙ \"FUBER SIDE-PLAST\"  МЧЖ ҚАРШИСИДА;СТАЦИОНАР РАДАР;;;
Toshkent shahri / Город Ташкент / Tashkent city;ЧИЛОНЗОР ТУМАНИ;ТОШКЕНТ.Ш, ЧИЛОНЗОР ТУМАНИ, БУНЁДКОР КЎЧАСИ,БИЗНЕС ЦЕНТР ҚАРШИСИДА;СТАЦИОНАР РАДАР;;;
Toshkent shahri / Город Ташкент / Tashkent city;МИРЗО УЛУҒБЕК ТУМАНИ;ТОШКЕНТ Ш.,ТЕМУР МАЛИК КЎЧАСИ, ИМОРАТ СТРОЙ МАРКЕТ ҚАРШИСИДА;СТАЦИОНАР РАДАР;;;
Toshkent shahri / Город Ташкент / Tashkent city;ОЛМАЗОР ТУМАНИ;КҲАЙ - САҒБОН КЎЧАЛАРИ КЕСИШМАСИ #43;ПДД КАМЕРА;;;
Toshkent shahri / Город Ташкент / Tashkent city;УЧТЕПА ТУМАНИ;КҲАЙ - ЛУТФИЙ КЎЧАЛАРИ КЕСИШМАСИ #44;ПДД КАМЕРА;;;
Toshkent shahri / Город Ташкент / Tashkent city;МИРЗО УЛУҒБЕК ТУМАНИ;КҲАЙ - ОҚҚУРҒОН КЎЧАЛАРИ КЕСИШМАСИ #41;ПДД КАМЕРА;;;
Toshkent shahri / Город Ташкент / Tashkent city;ШАЙХОНТОХУР ТУМАНИ;БЕРУНИЙ - САМАРҚАНД ДАРВОЗА КЎЧАЛАРИ КЕСИШМАСИ #42;ПДД КАМЕРА;;;
Toshkent shahri / Город Ташкент / Tashkent city;МИРЗО УЛУҒБЕК ТУМАНИ;КҲАЙ - ОҚҚУРҒОН КЎЧАЛАРИ КЕСИШМАСИ #42;ПДД КАМЕРА;;;
Toshkent shahri / Город Ташкент / Tashkent city;ЧИЛОНЗОР ТУМАНИ;КҲАЙ - ҚАТОРТОЛ КЎЧАЛАРИ КЕСИШМАСИ #45;ПДД КАМЕРА;;;
Toshkent shahri / Город Ташкент / Tashkent city;ЮНУСОБОД ТУМАНИ;АМИР ТЕМУР - ҚУЛОҚТЕПА КЎЧАЛАРИ КЕСИШМАСИ #45;ПДД КАМЕРА;;;
Toshkent shahri / Город Ташкент / Tashkent city;ЧИЛОНЗОР ТУМАНИ;КҲАЙ - КАТТА ҚОЗИРОБОД КЎЧАЛАРИ КЕСИШМАСИ #44;ПДД КАМЕРА;;;
Toshkent shahri / Город Ташкент / Tashkent city;ШАЙХОНТОХУР ТУМАНИ;БЕРУНИЙ - САМАРҚАНД ДАРВОЗА КЎЧАЛАРИ КЕСИШМАСИ #41;ПДД КАМЕРА;;;
Toshkent shahri / Город Ташкент / Tashkent city;ЯШНОБОД ТУМАНИ;М.УЛУҒБЕК - ПАРКЕНТ КЎЧАЛАРИ КЕСИШМАСИ #43;ПДД КАМЕРА;;;
Toshkent shahri / Город Ташкент / Tashkent city;ЯШНОБОД ТУМАНИ;ОХОНГАРОН ШОССЕ - БИРЛАШГАН КЎЧАЛАРИ КЕСИШМАСИ #44;ПДД КАМЕРА;;;
Toshkent shahri / Город Ташкент / Tashkent city;ШАЙХОНТОХУР ТУМАНИ;КҲАЙ - БЕРУНИЙ КЎЧАЛАРИ КЕСИШМАСИ #44;ПДД КАМЕРА;;;
Toshkent shahri / Город Ташкент / Tashkent city;УЧТЕПА ТУМАНИ;ТХАЙ-\"СТРОЙ ГОРОД\"М.Ч.Ж ДАН ЧИҚИШ (САХОВАД САВДО СЕРВИС) ҚАРШИСИДА;ПДД КАМЕРА;;;
Toshkent shahri / Город Ташкент / Tashkent city;ОЛМАЗОР ТУМАНИ;КҲАЙ - САҒБОН КЎЧАЛАРИ КЕСИШМАСИ #41;ПДД КАМЕРА;;;
Toshkent shahri / Город Ташкент / Tashkent city;ЧИЛОНЗОР ТУМАНИ;ФУРҚАТ - И.КАРИМОВ КЎЧАЛАРИ КЕСИШМАСИ #44;ПДД КАМЕРА;;;
Toshkent shahri / Город Ташкент / Tashkent city;ЮНУСОБОД ТУМАНИ;АМИР ТЕМУР - АЛИШЕР НАВОИ КЎЧАЛАРИ КЕСИШМАСИ  #42;ПДД КАМЕРА;;;
Toshkent shahri / Город Ташкент / Tashkent city;ЧИЛОНЗОР ТУМАНИ;ФУРҚАТ - И.КАРИМОВ КЎЧАЛАРИ КЕСИШМАСИ #43;ПДД КАМЕРА;;;
Toshkent shahri / Город Ташкент / Tashkent city;УЧТЕПА ТУМАНИ;ТХАЙ-2 ДАРАЖАЛИ ЙЎЛ ЎРИКЗОР САВДО КОМПЛЕКСИ (АВТОТУРАРГОХ) ҚАРШИСИДА;ПДД КАМЕРА;;;
Toshkent shahri / Город Ташкент / Tashkent city;ЧИЛОНЗОР ТУМАНИ;КҲАЙ - КАТТА ҚОЗИРОБОД КЎЧАЛАРИ КЕСИШМАСИ #42;ПДД КАМЕРА;;;
Toshkent shahri / Город Ташкент / Tashkent city;ЧИЛОНЗОР ТУМАНИ;ТХАЙ-2 ДАРАЖАЛИ ЙЎЛ АБУ САХИЙ БОЗОРИ АВТОБУС БЕКАТИ ЁНИДА;ПДД КАМЕРА;;;
Toshkent shahri / Город Ташкент / Tashkent city;УЧТЕПА ТУМАНИ;КҲАЙ - ЛУТФИЙ КЎЧАЛАРИ КЕСИШМАСИ #46;ПДД КАМЕРА;;;
Toshkent shahri / Город Ташкент / Tashkent city;УЧТЕПА ТУМАНИ;ТХАЙ-2 ДАРАЖАЛИ ЙЎЛ ЎРИКЗОР САВДО КОМПЛЕКСИ БОЗОРИ ҚАРШИСИ ПИЁДАЛАР ЕР ОСТИ КИРИШ ЧИҚИШ ЖОЙИ ОЛДИДА;ПДД КАМЕРА;;;
Toshkent shahri / Город Ташкент / Tashkent city;МИРЗО УЛУҒБЕК ТУМАНИ;КҲАЙ - ОҚҚУРҒОН КЎЧАЛАРИ КЕСИШМАСИ #44;ПДД КАМЕРА;;;
Toshkent shahri / Город Ташкент / Tashkent city;МИРЗО УЛУҒБЕК ТУМАНИ;КҲАЙ - ОҚҚУРҒОН КЎЧАЛАРИ КЕСИШМАСИ #43;ПДД КАМЕРА;;;
Toshkent shahri / Город Ташкент / Tashkent city;ЯШНОБОД ТУМАНИ;М.УЛУҒБЕК - ПАРКЕНТ КЎЧАЛАРИ КЕСИШМАСИ #42;ПДД КАМЕРА;;;
Toshkent shahri / Город Ташкент / Tashkent city;ЧИЛОНЗОР ТУМАНИ;КҲАЙ - ҚАТОРТОЛ КЎЧАЛАРИ КЕСИШМАСИ #46;ПДД КАМЕРА;;;
Toshkent shahri / Город Ташкент / Tashkent city;СИРҒАЛИ ТУМАНИ;МЕХРИГИЁ - ЯНГИ СЕРГИЛИ КЎЧАЛАРИ КЕСИШМАСИ #42;ПДД КАМЕРА;;;
Toshkent shahri / Город Ташкент / Tashkent city;ЧИЛОНЗОР ТУМАНИ;ТХАЙ-2 ДАРАЖАЛИ ЙЎЛ АБУ САХИЙ БОЗОРИ МАИШИЙ ТЕХНИКА БОЗОРИ ҚАРШИСИДА;ПДД КАМЕРА;;;
Toshkent shahri / Город Ташкент / Tashkent city;УЧТЕПА ТУМАНИ;КҲАЙ - ЛУТФИЙ КЎЧАЛАРИ КЕСИШМАСИ #45;ПДД КАМЕРА;;;
Toshkent shahri / Город Ташкент / Tashkent city;ШАЙХОНТОХУР ТУМАНИ;БЕРУНИЙ - САМАРҚАНД ДАРВОЗА КЎЧАЛАРИ КЕСИШМАСИ #43;ПДД КАМЕРА;;;
Toshkent shahri / Город Ташкент / Tashkent city;ЧИЛОНЗОР ТУМАНИ;ТХАЙ-2 ДАРАЖАЛИ ЙЎЛ АБУ САХИЙ БОЗОРИ (ГИПЕРМАРКЕТ ҚАРШИСИ) ПИЁДАЛАР ЕР ОСТИ ЧИҚИШ КИРИШ ЖОЙИ ОЛДИДА;ПДД КАМЕРА;;;
Toshkent shahri / Город Ташкент / Tashkent city;ЮНУСОБОД ТУМАНИ;АМИР ТЕМУР - ҚУЛОҚТЕПА КЎЧАЛАРИ КЕСИШМАСИ #47;ПДД КАМЕРА;;;
Toshkent shahri / Город Ташкент / Tashkent city;ОЛМАЗОР ТУМАНИ;КҲАЙ - САҒБОН КЎЧАЛАРИ КЕСИШМАСИ #44;ПДД КАМЕРА;;;
Toshkent shahri / Город Ташкент / Tashkent city;МИРЗО УЛУҒБЕК ТУМАНИ;БУЮК ИПАК ЙЎЛИ КЎЧАСИ 59 УЙ ҚАРШИСИДА;ПДД КАМЕРА;;;
Toshkent shahri / Город Ташкент / Tashkent city;ШАЙХОНТОХУР ТУМАНИ;ШАЙХОНТОХУР ТУМАНИ,БЕРУНИЙ КЎЧАСИ,ЭСКИ ЖУВА БОЗОРИ(ТЎН БОЗОРИ)ҚАРШИСИДА;ПДД КАМЕРА;;;
Toshkent shahri / Город Ташкент / Tashkent city;ШАЙХОНТОХУР ТУМАНИ;ҚОРАТОШ - 1 ШАХАР ШИФОХОНА КЎЧАЛАРИ КЕСИШМАСИ #44;ПДД КАМЕРА;;;
Toshkent shahri / Город Ташкент / Tashkent city;ЯШНОБОД ТУМАНИ;МАХТУМҚУЛИ - ШАХРИСАБЗ КЎЧАЛАРИ КЕСИШМАСИ #42;ПДД КАМЕРА;;;
Toshkent shahri / Город Ташкент / Tashkent city;УЧТЕПА ТУМАНИ;Тошкент шаҳар, Учтепа тумани, ТХАЙ-Ер ости пиёдалар ўтиш йулаги, Карвон бозори қаршиси;ПДД КАМЕРА;;;
Toshkent shahri / Город Ташкент / Tashkent city;ЧИЛОНЗОР ТУМАНИ;Тошкент шаҳар, Чилонзор тумани, ТХАЙ, Абу-Сахий бозори, автобуслар бекати қаршиси;ПДД КАМЕРА;;;
Toshkent shahri / Город Ташкент / Tashkent city;ЮНУСОБОД ТУМАНИ;АМИР ТЕМУР - АЛИШЕР НАВОИ КЎЧАЛАРИ КЕСИШМАСИ #44;ПДД КАМЕРА;;;
Toshkent shahri / Город Ташкент / Tashkent city;ШАЙХОНТОХУР ТУМАНИ;ҚОРАТОШ - 1 ШАХАР ШИФОХОНА КЎЧАЛАРИ КЕСИШМАСИ #43;ПДД КАМЕРА;;;
Toshkent shahri / Город Ташкент / Tashkent city;ЯШНОБОД ТУМАНИ;МАХТУМҚУЛИ - ШАХРИСАБЗ КЎЧАЛАРИ КЕСИШМАСИ #43;ПДД КАМЕРА;;;
Toshkent shahri / Город Ташкент / Tashkent city;ШАЙХОНТОХУР ТУМАНИ;КҲАЙ - ФОЗИЛТЕПА КЎЧАЛАРИ КЕСИШМАСИ #45;ПДД КАМЕРА;;;
Toshkent shahri / Город Ташкент / Tashkent city;ЧИЛОНЗОР ТУМАНИ;Тошкент шаҳар, Чилонзор тумани, Бунёдкор кўчаси, Чилонзор буюм бозори қаршиси;ПДД КАМЕРА;;;
Toshkent shahri / Город Ташкент / Tashkent city;ЧИЛОНЗОР ТУМАНИ;КҲАЙ - ЧИЛОНЗОР КЎЧАЛАРИ КЕСИШМАСИ #44;ПДД КАМЕРА;;;
Toshkent shahri / Город Ташкент / Tashkent city;МИРОБОД ТУМАНИ;НУКУС - Т.ШЕВЧЕНКО КЎЧАЛАРИ КЕСИШМАСИ #42;ПДД КАМЕРА;;;
Toshkent shahri / Город Ташкент / Tashkent city;ЯШНОБОД ТУМАНИ;М.УЛУГБЕК - ПАРКЕНТ КЎЧАЛАРИ КЕСИШМАСИ #41;ПДД КАМЕРА;;;
Toshkent shahri / Город Ташкент / Tashkent city;ЯККАСАРОЙ ТУМАНИ;БОБУР - Ш.РУСТАВЕЛИ КЎЧАЛАРИ КЕСИШМАСИ #43;ПДД КАМЕРА;;;
Toshkent shahri / Город Ташкент / Tashkent city;ОЛМАЗОР ТУМАНИ;КҲАЙ - САҒБОН КЎЧАЛАРИ КЕСИШМАСИ #42;ПДД КАМЕРА;;;
Toshkent shahri / Город Ташкент / Tashkent city;ЯШНОБОД ТУМАНИ;ОХОНГАРОН ШОССЕ - БИРЛАШГАН КЎЧАЛАРИ КЕСИШМАСИ #43;ПДД КАМЕРА;;;
Toshkent shahri / Город Ташкент / Tashkent city;ЧИЛОНЗОР ТУМАНИ;КҲАЙ - ҚАТОРТОЛ КЎЧАЛАРИ КЕСИШМАСИ #44;ПДД КАМЕРА;;;
Toshkent shahri / Город Ташкент / Tashkent city;ШАЙХОНТОХУР ТУМАНИ;ШАЙХОНТОХУР ТУМАНИ,САҚЧИМОН КЎЧАСИ,ЭСКИ ЖУВА БОЗОРИ(ХУНАРМАНДЛАР БОЗОРИ)ҚАРШИСИДА;ПДД КАМЕРА;;;
Toshkent shahri / Город Ташкент / Tashkent city;ЧИЛОНЗОР ТУМАНИ;ФУРҚАТ - И.КАРИМОВ КЎЧАЛАРИ КЕСИШМАСИ #42;ПДД КАМЕРА;;;
Toshkent shahri / Город Ташкент / Tashkent city;ЯШНОБОД ТУМАНИ;МАХТУМҚУЛИ - ШАХРИСАБЗ КЎЧАЛАРИ КЕСИШМАСИ #41;ПДД КАМЕРА;;;
Toshkent shahri / Город Ташкент / Tashkent city;ЮНУСОБОД ТУМАНИ;АМИР ТЕМУР - ХУРШИДА КЎЧАЛАРИ КЕСИШМАСИ #46;ПДД КАМЕРА;;;
Toshkent shahri / Город Ташкент / Tashkent city;ШАЙХОНТОХУР ТУМАНИ;КҲАЙ - БЕРУНИЙ КЎЧАЛАРИ КЕСИШМАСИ #45;ПДД КАМЕРА;;;
Toshkent shahri / Город Ташкент / Tashkent city;ШАЙХОНТОХУР ТУМАНИ;КҲАЙ - ФОЗИЛТЕПА КЎЧАЛАРИ КЕСИШМАСИ #46;ПДД КАМЕРА;;;
Toshkent shahri / Город Ташкент / Tashkent city;ЧИЛОНЗОР ТУМАНИ;Тошкент шаҳар, Чилонзор тумани, Бунёдкор кўчаси, Бунёдкор-ТХАЙ кўчалари кесишмаси кўприк олдида;ПДД КАМЕРА;;;
Toshkent shahri / Город Ташкент / Tashkent city;МИРЗО УЛУҒБЕК ТУМАНИ;БУЮК ИПАК ЙЎЛИ КЎЧАСИ 60 УЙ ҚАРШИСИДА;ПДД КАМЕРА;;;
Toshkent shahri / Город Ташкент / Tashkent city;ЧИЛОНЗОР ТУМАНИ;ЧИЛОНЗОР ТУМАНИ,ТХАЙ КЎЧАСИ, ЧИННИ БОЗОРИ ҚАРШИСИДА;ПДД КАМЕРА;;;
Toshkent shahri / Город Ташкент / Tashkent city;ЮНУСОБОД ТУМАНИ;АМИР ТЕМУР - АЛИШЕР НАВОИ КЎЧАЛАРИ КЕСИШМАСИ #43;ПДД КАМЕРА;;;
Toshkent shahri / Город Ташкент / Tashkent city;ЮНУСОБОД ТУМАНИ;АМИР ТЕМУР - ХУРШИДА КЎЧАЛАРИ КЕСИШМАСИ #48;ПДД КАМЕРА;;;
Toshkent shahri / Город Ташкент / Tashkent city;ОЛМАЗОР ТУМАНИ;КҲАЙ - САҒБОН КЎЧАЛАРИ КЕСИШМАСИ #45;ПДД КАМЕРА;;;
Toshkent shahri / Город Ташкент / Tashkent city;ЯШНОБОД ТУМАНИ;М.УЛУҒБЕК - ПАРКЕНТ КЎЧАЛАРИ КЕСИШМАСИ #44;ПДД КАМЕРА;;;
Toshkent shahri / Город Ташкент / Tashkent city;БЕКТЕМИР ТУМАНИ;БЕКТЕМИР ЙЎЛИ КЎПРИК УСТИДА (ҚЎЙЛИҚ ДЕХҚОН БОЗОРИ АВТОТУРАРГОХ ҚАРШИСИДА);ПДД КАМЕРА;;;
Toshkent shahri / Город Ташкент / Tashkent city;ЧИЛОНЗОР ТУМАНИ;ЧИЛОНЗОР ТУМАНИ, БУНЁДКОР ШОХ КЎЧАСИ, ТХАЙ КЎЧАСИГА ҚЎШИЛИШ ЖОЙИ;ПДД КАМЕРА;;;
Toshkent shahri / Город Ташкент / Tashkent city;МИРЗО УЛУҒБЕК ТУМАНИ;КҲАЙ - ОҚҚУРҒОН КЎЧАЛАРИ КЕСИШМАСИ #46;ПДД КАМЕРА;;;
Toshkent shahri / Город Ташкент / Tashkent city;ЮНУСОБОД ТУМАНИ;АМИР ТЕМУР - ХУРШИДА КЎЧАЛАРИ КЕСИШМАСИ #47;ПДД КАМЕРА;;;
Toshkent shahri / Город Ташкент / Tashkent city;БЕКТЕМИР ТУМАНИ;ТХАЙ-ЧИРЧИҚ АВТОБЕКАТ ҚАРШИСИДА;ПДД КАМЕРА;;;
Toshkent shahri / Город Ташкент / Tashkent city;ЮНУСОБОД ТУМАНИ;АМИР ТЕМУР - ҚУЛОҚТЕПА КЎЧАЛАРИ КЕСИШМАСИ #46;ПДД КАМЕРА;;;
Toshkent shahri / Город Ташкент / Tashkent city;ЯККАСАРОЙ ТУМАНИ;БОБУР - Ш.РУСТАВЕЛИ КЎЧАЛАРИ КЕСИШМАСИ #44;ПДД КАМЕРА;;;
Toshkent shahri / Город Ташкент / Tashkent city;ШАЙХОНТОХУР ТУМАНИ;ШАЙХОНТОХУР ТУМАНИ, БЕРУНИЙ КЎЧАСИ \"АВТОПЛАЗА\" КЎП ҚАВАТЛИ АВТОМОБИЛЛАР ТЎХТАБ ТУРИШ ЖОЙИ ҚАРШИСИДА;ПДД КАМЕРА;;;
Toshkent shahri / Город Ташкент / Tashkent city;ШАЙХОНТОХУР ТУМАНИ;КҲАЙ - БЕРУНИЙ КЎЧАЛАРИ КЕСИШМАСИ #46;ПДД КАМЕРА;;;
Toshkent shahri / Город Ташкент / Tashkent city;МИРОБОД ТУМАНИ;НУКУС - Т.ШЕВЧЕНКО КЎЧАЛАРИ КЕСИШМАСИ;ПДД КАМЕРА;;;
Toshkent shahri / Город Ташкент / Tashkent city;СИРҒАЛИ ТУМАНИ;МЕХРИГИЁ - ЯНГИ СЕРГИЛИ КЎЧАЛАРИ КЕСИШМАСИ #41;ПДД КАМЕРА;;;
Toshkent shahri / Город Ташкент / Tashkent city;ЯШНОБОД ТУМАНИ;ОХОНГАРОН ШОССЕ - БИРЛАШГАН КЎЧАЛАРИ КЕСИШМАСИ#42;ПДД КАМЕРА;;;
Toshkent shahri / Город Ташкент / Tashkent city;ЯШНОБОД ТУМАНИ;МАХТУМҚУЛИ - ШАХРИСАБЗ КЎЧАЛАРИ КЕСИШМАСИ #44;ПДД КАМЕРА;;;
Toshkent shahri / Город Ташкент / Tashkent city;ЧИЛОНЗОР ТУМАНИ;КҲАЙ - КАТТА ҚОЗИРОБОД КЎЧАЛАРИ КЕСИШМАСИ #41;ПДД КАМЕРА;;;
Toshkent shahri / Город Ташкент / Tashkent city;ШАЙХОНТОХУР ТУМАНИ;БЕРУНИЙ - САҚЧИМОН КЎЧАЛАРИ КЕСИШМАСИ #42;ПДД КАМЕРА;;;
Toshkent shahri / Город Ташкент / Tashkent city;ШАЙХОНТОХУР ТУМАНИ;КҲАЙ - ФОЗИЛТЕПА КЎЧАЛАРИ КЕСИШМАСИ #44;ПДД КАМЕРА;;;
Toshkent shahri / Город Ташкент / Tashkent city;ЮНУСОБОД ТУМАНИ;АМИР ТЕМУР - АЛИШЕР НАВОИ КЎЧАЛАРИ КЕСИШМАСИ #41;ПДД КАМЕРА;;;
Toshkent shahri / Город Ташкент / Tashkent city;ШАЙХОНТОХУР ТУМАНИ;БЕРУНИЙ - САҚЧИМОН КЎЧАЛАРИ КЕСИШМАСИ #41;ПДД КАМЕРА;;;
Toshkent shahri / Город Ташкент / Tashkent city;ЯШНОБОД ТУМАНИ;ОХОНГАРОН ШОССЕ - БИРЛАШГАН КЎЧАЛАРИ КЕСИШМАСИ #41;ПДД КАМЕРА;;;
Toshkent shahri / Город Ташкент / Tashkent city;ЧИЛОНЗОР ТУМАНИ;ФУРҚАТ - И.КАРИМОВ КЎЧАЛАРИ КЕСИШМАСИ #41;ПДД КАМЕРА;;;
Toshkent shahri / Город Ташкент / Tashkent city;ЧИЛОНЗОР ТУМАНИ;КҲАЙ - ЧИЛОНЗОР КЎЧАЛАРИ КЕСИШМАСИ #43;ПДД КАМЕРА;;;
Toshkent shahri / Город Ташкент / Tashkent city;ШАЙХОНТОХУР ТУМАНИ;БЕРУНИЙ - САҚЧИМОН КЎЧАЛАРИ КЕСИШМАСИ #43;ПДД КАМЕРА;;;
Toshkent shahri / Город Ташкент / Tashkent city;ЯККАСАРОЙ ТУМАНИ;БОБУР - Ш.РУСТАВЕЛИ КЎЧАЛАРИ КЕСИШМАСИ #42;ПДД КАМЕРА;;;
Toshkent shahri / Город Ташкент / Tashkent city;ЯККАСАРОЙ ТУМАНИ;БОБУР - Ш.РУСТАВЕЛИ КЎЧАЛАРИ КЕСИШМАСИ #41;ПДД КАМЕРА;;;
Toshkent shahri / Город Ташкент / Tashkent city;МИРЗО УЛУҒБЕК ТУМАНИ;КҲАЙ - ОҚҚУРҒОН КЎЧАЛАРИ КЕСИШМАСИ #47;ПДД КАМЕРА;;;
Farg\'ona viloyati / Ферганская область / Fergana region;ФАРҒОНА ШАҲРИ;ДОДХОХ-САЙИЛГОХ-ДЕХКОНЛАР КЎЧАЛАРИ КЕСИШМАСИ;СТАЦИОНАР РАДАР;;;
Farg\'ona viloyati / Ферганская область / Fergana region;ФАРҒОНА ШАҲРИ;ДОДХОХ-САЙИЛГОХ-ДЕХКОНЛАР КЎЧАЛАРИ КЕСИШМАСИ;СТАЦИОНАР РАДАР;;;
Farg\'ona viloyati / Ферганская область / Fergana region;ФАРҒОНА ШАҲРИ;ДОДХОХ-САЙИЛГОХ-ДЕХКОНЛАР КЎЧАЛАРИ КЕСИШМАСИ;СТАЦИОНАР РАДАР;;;
Farg\'ona viloyati / Ферганская область / Fergana region;ЎЗБЕКИСТОН ТУМАНИ;;СТАЦИОНАР РАДАР;;;
Farg\'ona viloyati / Ферганская область / Fergana region;УЧКЎПРИК ТУМАНИ;ФАРҒОНА ВИЛОЯТИ,УЧКЎПРИК ТУМАНИ 4Р-112 ФАРҒОНА ҲАЛҚА ЙЎЛИНИНГ 289 КМ, КАТТА КЕНАГАС ҚИШЛОҒИ;СТАЦИОНАР РАДАР;;;
Farg\'ona viloyati / Ферганская область / Fergana region;ОЛТИАРИҚ ТУМАНИ;ЎЗБЕКИСТОН КЎЧАСИ, MAKRO SUPERMARKET ҚАРШИСИДА;ПДД КАМЕРА;;;
Farg\'ona viloyati / Ферганская область / Fergana region;ОЛТИАРИҚ ТУМАНИ;ЎЗБЕКИСТОН КЎЧАСИ, UZTELECOM БИНОСИ КАРШИСИДА.;ПДД КАМЕРА;;;
Farg\'ona viloyati / Ферганская область / Fergana region;ФАРҒОНА ШАҲРИ;САЙИЛГОХ ВА ЮКСАЛИШ КЎЧАЛАРИ ЧОРРАХАСИДА.;ПДД КАМЕРА;;;
Farg\'ona viloyati / Ферганская область / Fergana region;ҚЎҚОН ШАҲРИ;ФАРОБИЙ КЎЧАСИ, ФАРОБИЙ БОЗОРИ ҚАРШИСИДА.;ПДД КАМЕРА;;;
Farg\'ona viloyati / Ферганская область / Fergana region;ТОШЛОҚ ТУМАНИ;ТОШЛОҚ ТУМАНИ АЛИШЕР НАВОИЙ КЎЧАСИ \'\'ДЕХҚОН БОЗОР\'\' ҚАРШИСИДА;ПДД КАМЕРА;;;
Farg\'ona viloyati / Ферганская область / Fergana region;ДАНГАРА ТУМАНИ;ТОШКЕНТ КЎЧАСИ, МАСТОНА УЛГУРЖИ САВДО МАРКАЗИ КАРШИСИДА.;ПДД КАМЕРА;;;
Farg\'ona viloyati / Ферганская область / Fergana region;МАРҒИЛОН ШАҲРИ;БУРХОНИДИН МАРҒИЛОНИЙ КЎЧАСИ, MAKRO SUPERMARKET ОЛДИДА;ПДД КАМЕРА;;;
Farg\'ona viloyati / Ферганская область / Fergana region;МАРҒИЛОН ШАҲРИ;БУРХОНИДИН МАРҒИЛОНИЙ КЎЧАСИ, \"MARG`ILON BANK XIZMATLARINI KO`RSATISH MARKAZI ҚАРШСИДА.;ПДД КАМЕРА;;;
Farg\'ona viloyati / Ферганская область / Fergana region;ҚУВА ШАҲРИ;ФАРҒОНА ВИЛ., ҚУВА ШАХРИ, ҚАЙҚУБОД КЎЧАСИ, ИШОНЧ КРЕДИТ САВДО МАРКАЗИ ҚАРШИСИДА;ПДД КАМЕРА;;;
Farg\'ona viloyati / Ферганская область / Fergana region;РИШТОН ТУМАНИ;4P-112\"ФАРҒОНА ХАЛҚАСИ\" А/Й РИШТОН ТУМАНИ МИЛЛИЙ БАНК ҚАРШИСИ;ПДД КАМЕРА;;;
Farg\'ona viloyati / Ферганская область / Fergana region;ҚЎҚОН ШАҲРИ;ФАРОБИЙ КЎЧАСИ, ИПАК ЙЎЛИ БОЗОРИ ҚАРШИСИДА.;ПДД КАМЕРА;;;
Farg\'ona viloyati / Ферганская область / Fergana region;МАРҒИЛОН ШАҲРИ;МУСТАҚИЛЛИК КЎЧАСИ, ДЕҲКОН БОЗОР ОЛДИДА;ПДД КАМЕРА;;;
Farg\'ona viloyati / Ферганская область / Fergana region;ДАНГАРА ТУМАНИ;ТОШКЕНТ КЎЧАСИ, ДАНГАРА ДЕХКОН БОЗОРИ ОЛДИДА;ПДД КАМЕРА;;;
Farg\'ona viloyati / Ферганская область / Fergana region;БУВАЙДА ТУМАНИ;ЯНГИҚЎРҒОН МФЙ ҲИЛОЛ КЎЧАСИ МАКРО СУПЕРМАРКЕТИ ҚАРШИСИДА;ПДД КАМЕРА;;;
Farg\'ona viloyati / Ферганская область / Fergana region;ҚУВА ШАҲРИ;ФАРҒОНА ВИЛ.,ҚУВА ШАХРИ,ҒАЛАБА КЎЧАСИ,АВТОШОХБЕКАТ ҚАРШИСИДА;ПДД КАМЕРА;;;
Farg\'ona viloyati / Ферганская область / Fergana region;ҚЎҚОН ШАҲРИ;ФАРОБИЙ КЎЧАСИ, ҚЎҚОН САВДО КУМПЛЕКСИ ҚАРШИСИДА.;ПДД КАМЕРА;;;
Farg\'ona viloyati / Ферганская область / Fergana region;ДАНГАРА ТУМАНИ;ТОШКЕНТ КЎЧАСИ, МАСТОНА УЛГУРЖИ САВДО МАРКАЗИ ОЛДИДА;ПДД КАМЕРА;;;
Farg\'ona viloyati / Ферганская область / Fergana region;ФАРҒОНА ШАҲРИ;ВАТАН РАВНАҚИ КЎЧАСИ, MARKAZIY DEHQON BOZORI АВТОТУРАРГОХ ОЛДИДА;ПДД КАМЕРА;;;
Farg\'ona viloyati / Ферганская область / Fergana region;ЎЗБЕКИСТОН ТУМАНИ;ЎЗБЕКИСТОН ТУМАНИ, ИБН СИНО КЎЧАСИ, \"ДЕХҚОН БОЗОР\"ҚАРШИСИДА;ПДД КАМЕРА;;;
Farg\'ona viloyati / Ферганская область / Fergana region;ОЛТИАРИҚ ТУМАНИ;МУСТАКИЛЛИК КУЧАСИ, ЕРОСТИ ЎТИШ ЙЎЛИ ОЛДИДА;ПДД КАМЕРА;;;
Farg\'ona viloyati / Ферганская область / Fergana region;ҚЎҚОН ШАҲРИ;УСМОН НОСИР КЎЧАСИ, ҲУНАРМАНДЛАР БОЗОРИ ҚАРШИСИДА;ПДД КАМЕРА;;;
Andijon vilоyati / Андижанская область / Andijan region;АНДИЖОН ШАҲРИ;Чўлпон шох R5 (Ўзбегим сав. марк. чоррахаси);ПДД КАМЕРА;;;
Andijon vilоyati / Андижанская область / Andijan region;АНДИЖОН ШАҲРИ;Ўзбекистон V3 (Бизнес центр чоррахаси);ПДД КАМЕРА;;;
Andijon vilоyati / Андижанская область / Andijan region;АНДИЖОН ШАҲРИ;Бобур шох R7 (Бизнес центр чоррахаси);ПДД КАМЕРА;;;
Andijon vilоyati / Андижанская область / Andijan region;АНДИЖОН ШАҲРИ;Ўзбекистон R6 (Бизнес центр чоррахаси);ПДД КАМЕРА;;;
Andijon vilоyati / Андижанская область / Andijan region;АНДИЖОН ШАҲРИ;Миллий тикланиш R1 (ВИИБ чоррахаси);ПДД КАМЕРА;;;
Andijon vilоyati / Андижанская область / Andijan region;АНДИЖОН ШАҲРИ;Миллий тикланиш V1 (ВИИБ чоррахаси);ПДД КАМЕРА;;;
Andijon vilоyati / Андижанская область / Andijan region;АНДИЖОН ШАҲРИ;Қўш ариқ R5 (Клиника чоррахаси);ПДД КАМЕРА;;;
Andijon vilоyati / Андижанская область / Andijan region;АНДИЖОН ШАҲРИ;Чўлпон шох R1 (Ўзбегим сав. марк. чоррахаси);ПДД КАМЕРА;;;
Andijon vilоyati / Андижанская область / Andijan region;АНДИЖОН ШАҲРИ;Навоий шох V4 (ВИИБ чоррахаси);ПДД КАМЕРА;;;
Andijon vilоyati / Андижанская область / Andijan region;АНДИЖОН ШАҲРИ;Бобур шох R8 (Бизнес центр чоррахаси);ПДД КАМЕРА;;;
Andijon vilоyati / Андижанская область / Andijan region;АНДИЖОН ШАҲРИ;Бобур шох R3 (Шохбекат чоррахаси);ПДД КАМЕРА;;;
Andijon vilоyati / Андижанская область / Andijan region;АНДИЖОН ШАҲРИ;Лермонтов R7 (5-Поликлиника чоррахаси);ПДД КАМЕРА;;;
Andijon vilоyati / Андижанская область / Andijan region;АНДИЖОН ШАҲРИ;Ўзбекистон R1 (Бизнес центр чоррахаси);ПДД КАМЕРА;;;
Andijon vilоyati / Андижанская область / Andijan region;АНДИЖОН ШАҲРИ;Бобур шох R3 (Бизнес центр чоррахаси);ПДД КАМЕРА;;;
Andijon vilоyati / Андижанская область / Andijan region;АНДИЖОН ШАҲРИ;Отабеков R2 (Клиника чоррахаси);ПДД КАМЕРА;;;
Andijon vilоyati / Андижанская область / Andijan region;АНДИЖОН ШАҲРИ;Б. Машраб V3 (5-Поликлиника чоррахаси);ПДД КАМЕРА;;;
Andijon vilоyati / Андижанская область / Andijan region;АНДИЖОН ШАҲРИ;Лермонтов R4 (5-Поликлиника чоррахаси);ПДД КАМЕРА;;;
Andijon vilоyati / Андижанская область / Andijan region;АНДИЖОН ШАҲРИ;Бобур шох R4 (Бизнес центр чоррахаси);ПДД КАМЕРА;;;
Andijon vilоyati / Андижанская область / Andijan region;АНДИЖОН ШАҲРИ;Лермонтов R8 (5-Поликлиника чоррахаси);ПДД КАМЕРА;;;
Andijon vilоyati / Андижанская область / Andijan region;АНДИЖОН ШАҲРИ;Олтин кўл V4 (Ўзбегим сав. марк. чоррахаси);ПДД КАМЕРА;;;
Andijon vilоyati / Андижанская область / Andijan region;АНДИЖОН ШАҲРИ;Отабеков R1 (Клиника чоррахаси);ПДД КАМЕРА;;;
Andijon vilоyati / Андижанская область / Andijan region;АНДИЖОН ШАҲРИ;Миллий тикланиш R5 (ВИИБ чоррахаси);ПДД КАМЕРА;;;
Andijon vilоyati / Андижанская область / Andijan region;АНДИЖОН ШАҲРИ;Миллий тикланиш R2 (ВИИБ чоррахаси);ПДД КАМЕРА;;;
Andijon vilоyati / Андижанская область / Andijan region;АНДИЖОН ШАҲРИ;Бобур шох R7 (Клиника чоррахаси);ПДД КАМЕРА;;;
Andijon vilоyati / Андижанская область / Andijan region;АНДИЖОН ШАҲРИ;Ўзбекистон R4 (Голден чиккен чоррахаси);ПДД КАМЕРА;;;
Andijon vilоyati / Андижанская область / Andijan region;АНДИЖОН ШАҲРИ;Бобур шох R1 (Шохбекат чоррахаси);ПДД КАМЕРА;;;
Andijon vilоyati / Андижанская область / Andijan region;АНДИЖОН ШАҲРИ;Бобур шох R2 (Шохбекат чоррахаси);ПДД КАМЕРА;;;
Andijon vilоyati / Андижанская область / Andijan region;АНДИЖОН ШАҲРИ;Ўзбекистон R6 (Голден чиккен чоррахаси);ПДД КАМЕРА;;;
Andijon vilоyati / Андижанская область / Andijan region;АНДИЖОН ШАҲРИ;Б. Машраб V1 (5-Поликлиника чоррахаси);ПДД КАМЕРА;;;
Andijon vilоyati / Андижанская область / Andijan region;АНДИЖОН ШАҲРИ;Фитрат R5 (Голден чиккен чоррахаси);ПДД КАМЕРА;;;
Andijon vilоyati / Андижанская область / Andijan region;АНДИЖОН ШАҲРИ;Мустақиллик R4 (Клиника чоррахаси);ПДД КАМЕРА;;;
Andijon vilоyati / Андижанская область / Andijan region;АНДИЖОН ШАҲРИ;Навоий шох R4 (ВИИБ чоррахаси);ПДД КАМЕРА;;;
Andijon vilоyati / Андижанская область / Andijan region;АНДИЖОН ШАҲРИ;Бобур шох R8 (Клиника чоррахаси);ПДД КАМЕРА;;;
Andijon vilоyati / Андижанская область / Andijan region;АНДИЖОН ШАҲРИ;Б. Машраб R5 (5-Поликлиника чоррахаси);ПДД КАМЕРА;;;
Andijon vilоyati / Андижанская область / Andijan region;АНДИЖОН ШАҲРИ;Чўлпон шох R6 (Ўзбегим сав. марк. чоррахаси);ПДД КАМЕРА;;;
Andijon vilоyati / Андижанская область / Andijan region;АНДИЖОН ШАҲРИ;Мустақиллик R3 (Клиника чоррахаси);ПДД КАМЕРА;;;
Andijon vilоyati / Андижанская область / Andijan region;АНДИЖОН ШАҲРИ;Олтин кўл R8 (Ўзбегим сав. марк. чоррахаси);ПДД КАМЕРА;;;
Andijon vilоyati / Андижанская область / Andijan region;АНДИЖОН ШАҲРИ;Ўзбекистон V4 (Голден чиккен чоррахаси);ПДД КАМЕРА;;;
Andijon vilоyati / Андижанская область / Andijan region;АНДИЖОН ШАҲРИ;Б. Машраб R1 (5-Поликлиника чоррахаси);ПДД КАМЕРА;;;
Andijon vilоyati / Андижанская область / Andijan region;АНДИЖОН ШАҲРИ;Амир Темур шох R6 (Шохбекат чоррахаси);ПДД КАМЕРА;;;
Andijon vilоyati / Андижанская область / Andijan region;АНДИЖОН ШАҲРИ;Мустақиллик V2 (Клиника чоррахаси);ПДД КАМЕРА;;;
Andijon vilоyati / Андижанская область / Andijan region;АНДИЖОН ШАҲРИ;Навоий шох R7 (ВИИБ чоррахаси);ПДД КАМЕРА;;;
Andijon vilоyati / Андижанская область / Andijan region;АНДИЖОН ШАҲРИ;ОЛТИНКЎЛ КЎЧАСИ (\"ХАЛҚ БАНКИ\" ҚАРШИСИДА);ПДД КАМЕРА;;;
Andijon vilоyati / Андижанская область / Andijan region;АНДИЖОН ШАҲРИ;Олтин кўл R7 (Ўзбегим сав. марк. чоррахаси);ПДД КАМЕРА;;;
Andijon vilоyati / Андижанская область / Andijan region;АНДИЖОН ШАҲРИ;Б. Машраб R2 (5-Поликлиника чоррахаси);ПДД КАМЕРА;;;
Andijon vilоyati / Андижанская область / Andijan region;АНДИЖОН ШАҲРИ;Ўзбекистон V1 (Бизнес центр чоррахаси);ПДД КАМЕРА;;;
Andijon vilоyati / Андижанская область / Andijan region;АНДИЖОН ШАҲРИ;Лермонтов R3 (5-Поликлиника чоррахаси);ПДД КАМЕРА;;;
Andijon vilоyati / Андижанская область / Andijan region;АНДИЖОН ШАҲРИ;Бобур шох R4 (Шохбекат чоррахаси);ПДД КАМЕРА;;;
Andijon vilоyati / Андижанская область / Andijan region;АНДИЖОН ШАҲРИ;Фитрат R2 (Голден чиккен чоррахаси);ПДД КАМЕРА;;;
Andijon vilоyati / Андижанская область / Andijan region;АНДИЖОН ШАҲРИ;Ўзбекистон R2 (Бизнес центр чоррахаси);ПДД КАМЕРА;;;
Andijon vilоyati / Андижанская область / Andijan region;АНДИЖОН ШАҲРИ;Бобур шох V2 (Шохбекат чоррахаси);ПДД КАМЕРА;;;
Andijon vilоyati / Андижанская область / Andijan region;АНДИЖОН ШАҲРИ;Навоий шох R3 (ВИИБ чоррахаси);ПДД КАМЕРА;;;
Andijon vilоyati / Андижанская область / Andijan region;АНДИЖОН ШАҲРИ;Навоий шох R8 (ВИИБ чоррахаси);ПДД КАМЕРА;;;
Andijon vilоyati / Андижанская область / Andijan region;АНДИЖОН ШАҲРИ;Олтин кўл R4 (Ўзбегим сав. марк. чоррахаси);ПДД КАМЕРА;;;
Andijon vilоyati / Андижанская область / Andijan region;АНДИЖОН ШАҲРИ;Чўлпон шох R2 (Ўзбегим сав. марк. чоррахаси);ПДД КАМЕРА;;;
Andijon vilоyati / Андижанская область / Andijan region;АНДИЖОН ШАҲРИ;Олтин кўл V2 (Ўзбегим сав. марк. чоррахаси);ПДД КАМЕРА;;;
Andijon vilоyati / Андижанская область / Andijan region;АНДИЖОН ШАҲРИ;Ўзбекистон R3 (Голден чиккен чоррахаси);ПДД КАМЕРА;;;
Andijon vilоyati / Андижанская область / Andijan region;АНДИЖОН ШАҲРИ;Б. Машраб R6 (5-Поликлиника чоррахаси);ПДД КАМЕРА;;;
Andijon vilоyati / Андижанская область / Andijan region;АНДИЖОН ШАҲРИ;Ўзбекистон V2 (Голден чиккен чоррахаси);ПДД КАМЕРА;;;
Andijon vilоyati / Андижанская область / Andijan region;АНДИЖОН ШАҲРИ;Ўзбекистон R5 (Бизнес центр чоррахаси);ПДД КАМЕРА;;;
Andijon vilоyati / Андижанская область / Andijan region;АНДИЖОН ШАҲРИ;Фитрат R1 (Голден чиккен чоррахаси);ПДД КАМЕРА;;;
Andijon vilоyati / Андижанская область / Andijan region;АНДИЖОН ШАҲРИ;Ўзбекистон R7 (Голден чиккен чоррахаси);ПДД КАМЕРА;;;
Andijon vilоyati / Андижанская область / Andijan region;АНДИЖОН ШАҲРИ;Амир Темур шох R5 (Шохбекат чоррахаси);ПДД КАМЕРА;;;
Andijon vilоyati / Андижанская область / Andijan region;АНДИЖОН ШАҲРИ;Миллий тикланиш R6 (ВИИБ чоррахаси);ПДД КАМЕРА;;;
Andijon vilоyati / Андижанская область / Andijan region;АНДИЖОН ШАҲРИ;Олтин кўл R3 (Ўзбегим сав. марк. чоррахаси);ПДД КАМЕРА;;;
Andijon vilоyati / Андижанская область / Andijan region;АНДИЖОН ШАҲРИ;А.ТЕМУР КЎЧАСИ (АВТОШОХБЕКАТ ҚАРШИСИДА);ПДД КАМЕРА;;;
Andijon vilоyati / Андижанская область / Andijan region;АНДИЖОН ШАҲРИ;Лермонтов V4 (5-Поликлиника чоррахаси);ПДД КАМЕРА;;;
Andijon vilоyati / Андижанская область / Andijan region;АНДИЖОН ШАҲРИ;Навоий шох V2 (ВИИБ чоррахаси);ПДД КАМЕРА;;;
Andijon vilоyati / Андижанская область / Andijan region;АНДИЖОН ШАҲРИ;Фитрат V3 (Голден чиккен чоррахаси);ПДД КАМЕРА;;;
Andijon vilоyati / Андижанская область / Andijan region;АНДИЖОН ШАҲРИ;Амир Темур шох V3 (Шохбекат чоррахаси);ПДД КАМЕРА;;;
Andijon vilоyati / Андижанская область / Andijan region;АНДИЖОН ШАҲРИ;Чўлпон шох V1 (Ўзбегим сав. марк. чоррахаси);ПДД КАМЕРА;;;
Andijon vilоyati / Андижанская область / Andijan region;АНДИЖОН ШАҲРИ;Лермонтов V2 (5-Поликлиника чоррахаси);ПДД КАМЕРА;;;
Andijon vilоyati / Андижанская область / Andijan region;АНДИЖОН ШАҲРИ;Чўлпон шох V3 (Ўзбегим сав. марк. чоррахаси);ПДД КАМЕРА;;;
Andijon vilоyati / Андижанская область / Andijan region;АНДИЖОН ШАҲРИ;Қўш ариқ R6 (Клиника чоррахаси);ПДД КАМЕРА;;;
Andijon vilоyati / Андижанская область / Andijan region;АНДИЖОН ШАҲРИ;Фитрат V1 (Голден чиккен чоррахаси);ПДД КАМЕРА;;;
Andijon vilоyati / Андижанская область / Andijan region;АНДИЖОН ШАҲРИ;Миллий тикланиш V3 (ВИИБ чоррахаси);ПДД КАМЕРА;;;
Andijon vilоyati / Андижанская область / Andijan region;АНДИЖОН ШАҲРИ;Бобур шох V4 (Клиника чоррахаси);ПДД КАМЕРА;;;
Andijon vilоyati / Андижанская область / Andijan region;АНДИЖОН ШАҲРИ;Бобур шох V2 (Бизнес центр чоррахаси);ПДД КАМЕРА;;;
Andijon vilоyati / Андижанская область / Andijan region;АНДИЖОН ШАҲРИ;Отабеков V1 (Клиника чоррахаси);ПДД КАМЕРА;;;
Andijon vilоyati / Андижанская область / Andijan region;АНДИЖОН ШАҲРИ;Қўш ариқ V3 (Клиника чоррахаси);ПДД КАМЕРА;;;
Andijon vilоyati / Андижанская область / Andijan region;АНДИЖОН ШАҲРИ;Бобур шох V4 (Бизнес центр чоррахаси);ПДД КАМЕРА;;;
Andijon vilоyati / Андижанская область / Andijan region;АНДИЖОН ШАҲРИ;Бобур шох V1 (Шохбекат чоррахаси);ПДД КАМЕРА;;;
Namangan viloyati / Наманганская область / Namangan region;НАМАНГАН ШАҲРИ;Чорсудан келиш-2 (Исфархон чоррахаси);ПДД КАМЕРА;;;
Namangan viloyati / Наманганская область / Namangan region;НАМАНГАН ШАҲРИ;Марғилон кўчадан келиш (Исфархон чоррахаси);ПДД КАМЕРА;;;
Namangan viloyati / Наманганская область / Namangan region;НАМАНГАН ШАҲРИ;Тошбулоқдан келиш-1 (Сардоба чоррахаси);ПДД КАМЕРА;;;
Namangan viloyati / Наманганская область / Namangan region;НАМАНГАН ШАҲРИ;Стадиондан келиш-1 (Дамба чоррахаси);ПДД КАМЕРА;;;
Namangan viloyati / Наманганская область / Namangan region;НАМАНГАН ШАҲРИ;НамДУдан келиш-2 (Соҳилбўйи чоррахаси);ПДД КАМЕРА;;;
Namangan viloyati / Наманганская область / Namangan region;НАМАНГАН ШАҲРИ;Исфархондан келиш-2 (Сардоба чоррахаси);ПДД КАМЕРА;;;
Namangan viloyati / Наманганская область / Namangan region;НАМАНГАН ШАҲРИ;Уйчидан келиш-1 (Тунукасоз чоррахаси);ПДД КАМЕРА;;;
Namangan viloyati / Наманганская область / Namangan region;НАМАНГАН ШАҲРИ;Пожаркадан келиш-2 (Соҳилбўйи чоррахаси);ПДД КАМЕРА;;;
Namangan viloyati / Наманганская область / Namangan region;НАМАНГАН ШАҲРИ;Горотделдан келиш-1 (Сардоба чоррахаси);ПДД КАМЕРА;;;
Namangan viloyati / Наманганская область / Namangan region;НАМАНГАН ШАҲРИ;Чорсудан келиш-1 (Исфархон чоррахаси);ПДД КАМЕРА;;;
Namangan viloyati / Наманганская область / Namangan region;НАМАНГАН ШАҲРИ;Сардобадан келиш-1 (Исфархон чоррахаси);ПДД КАМЕРА;;;
Namangan viloyati / Наманганская область / Namangan region;НАМАНГАН ШАҲРИ;Уйчидан келиш-2 (Тунукасоз чоррахаси);ПДД КАМЕРА;;;
Namangan viloyati / Наманганская область / Namangan region;НАМАНГАН ШАҲРИ;Горотделдан келиш-1 (Исфархон чоррахаси);ПДД КАМЕРА;;;
Namangan viloyati / Наманганская область / Namangan region;НАМАНГАН ШАҲРИ;Автовокзалдан келиш-2 (Дўстлик чоррахаси);ПДД КАМЕРА;;;
Namangan viloyati / Наманганская область / Namangan region;НАМАНГАН ШАҲРИ;Шодликдан келиш-2 (Сардоба чоррахаси);ПДД КАМЕРА;;;
Namangan viloyati / Наманганская область / Namangan region;НАМАНГАН ШАҲРИ;Горотделдан келиш-2 (Исфархон чоррахаси);ПДД КАМЕРА;;;
Namangan viloyati / Наманганская область / Namangan region;НАМАНГАН ШАҲРИ;Сардобадан келиш-2 (Исфархон чоррахаси);ПДД КАМЕРА;;;
Namangan viloyati / Наманганская область / Namangan region;НАМАНГАН ШАҲРИ;Дўстликдан келиш -2 (Дамба чоррахаси);ПДД КАМЕРА;;;
Namangan viloyati / Наманганская область / Namangan region;НАМАНГАН ШАҲРИ;Дамбадан келиш-2 (Дўстлик чоррахаси);ПДД КАМЕРА;;;
Namangan viloyati / Наманганская область / Namangan region;НАМАНГАН ШАҲРИ;Шодликдан келиш-1 (Сардоба чоррахаси);ПДД КАМЕРА;;;
Namangan viloyati / Наманганская область / Namangan region;НАМАНГАН ШАҲРИ;Дўстликдан келиш -1 (Дамба чоррахаси);ПДД КАМЕРА;;;
Namangan viloyati / Наманганская область / Namangan region;НАМАНГАН ШАҲРИ;НамДУдан келиш-1 (Соҳилбўйи чоррахаси);ПДД КАМЕРА;;;
Namangan viloyati / Наманганская область / Namangan region;НАМАНГАН ШАҲРИ;Оромгоҳдан келиш-2 (Дўстлик чоррахаси);ПДД КАМЕРА;;;
Namangan viloyati / Наманганская область / Namangan region;НАМАНГАН ШАҲРИ;Б. Машрабдан келиш-2 (Тунукасоз чоррахаси);ПДД КАМЕРА;;;
Namangan viloyati / Наманганская область / Namangan region;НАМАНГАН ШАҲРИ;Автовокзалдан келиш-1 (Дўстлик чоррахаси);ПДД КАМЕРА;;;
Namangan viloyati / Наманганская область / Namangan region;НАМАНГАН ШАҲРИ;Тошбулоқдан келиш-2 (Сардоба чоррахаси);ПДД КАМЕРА;;;
Namangan viloyati / Наманганская область / Namangan region;НАМАНГАН ШАҲРИ;Исфархондан келиш-2 (Тунукасоз чоррахаси);ПДД КАМЕРА;;;
Namangan viloyati / Наманганская область / Namangan region;НАМАНГАН ШАҲРИ;Исфархондан келиш (Дамба чоррахаси);ПДД КАМЕРА;;;
Namangan viloyati / Наманганская область / Namangan region;НАМАНГАН ШАҲРИ;Стадиондан келиш-2 (Дамба чоррахаси);ПДД КАМЕРА;;;
Namangan viloyati / Наманганская область / Namangan region;НАМАНГАН ШАҲРИ;Чорсудан келиш (Соҳилбўйи чоррахаси);ПДД КАМЕРА;;;
Namangan viloyati / Наманганская область / Namangan region;НАМАНГАН ШАҲРИ;Исфархондан келиш-1 (Тунукасоз чоррахаси);ПДД КАМЕРА;;;
Namangan viloyati / Наманганская область / Namangan region;НАМАНГАН ШАҲРИ;Оромгоҳдан келиш-1 (Дўстлик чоррахаси);ПДД КАМЕРА;;;
Namangan viloyati / Наманганская область / Namangan region;НАМАНГАН ШАҲРИ;Пожаркадан келиш-1 (Соҳилбўйи чоррахаси);ПДД КАМЕРА;;;
Namangan viloyati / Наманганская область / Namangan region;НАМАНГАН ШАҲРИ;Дамбадан келиш-1 (Дўстлик чоррахаси);ПДД КАМЕРА;;;
Namangan viloyati / Наманганская область / Namangan region;НАМАНГАН ШАҲРИ;Б. Машрабдан келиш-1 (Тунукасоз чоррахаси);ПДД КАМЕРА;;;
Namangan viloyati / Наманганская область / Namangan region;НАМАНГАН ШАҲРИ;Горотделдан келиш-2 (Сардоба чоррахаси);ПДД КАМЕРА;;;
Namangan viloyati / Наманганская область / Namangan region;НАМАНГАН ШАҲРИ;Исфархондан келиш-1 (Сардоба чоррахаси);ПДД КАМЕРА;;;
Namangan viloyati / Наманганская область / Namangan region;НАМАНГАН ШАҲРИ;Динамодан келиш (Дамба чоррахаси);ПДД КАМЕРА;;;
Samargand viloyati / Самаркандская область / Samarkand region;КАТТАҚЎРҒОН ШАҲРИ;Каттакургон А.Я.Ж 4Р46 А.Й 64 КМ;СТАЦИОНАР РАДАР;;;
Samargand viloyati / Самаркандская область / Samarkand region;САМАРҚАНД ТУМАНИ;А378 а й 8 км Гулистон а я.ж. Карши - Самарканд;СТАЦИОНАР РАДАР;;;
Samargand viloyati / Самаркандская область / Samarkand region;БУЛУНҒУР ТУМАНИ;САМАРҚАНД ВИЛОЯТИ БУЛУНҒУР ТУМ М39 А/Й 1042 КМ;СТАЦИОНАР РАДАР;;;
Samargand viloyati / Самаркандская область / Samarkand region;ОҚДАРЁ ТУМАНИ;ОКДАРЁ ТУМАНИ М-37 А/Й 26 КМ ЯНГИКИШЛОК А.Я.Ж. САМАРКАНД-НАВОИЙ;СТАЦИОНАР РАДАР;;;
Samargand viloyati / Самаркандская область / Samarkand region;ИШТИХОН ТУМАНИ;Иштихон А.Я.Ж. М37 а.й. 55 км. Навой - Самарканд;СТАЦИОНАР РАДАР;;;
Samargand viloyati / Самаркандская область / Samarkand region;ОҚДАРЁ ТУМАНИ;Туртайгир а.я.ж М37 а.й 23-24 км Самарканд-Навоий;СТАЦИОНАР РАДАР;;;
Samargand viloyati / Самаркандская область / Samarkand region;КАТТАҚЎРҒОН ТУМАНИ;КАТТАҚЎРҒОН ТУМАНИ, М-37 А/ЙНИНГ 71 КМ, АЛИЖОН АЯЖ;СТАЦИОНАР РАДАР;;;
Samargand viloyati / Самаркандская область / Samarkand region;ЖОМБОЙ ТУМАНИ;Уртабуз А.Я.Ж  М 39 А.Й 1077 км Самарканд- Тошкент;СТАЦИОНАР РАДАР;;;
Samargand viloyati / Самаркандская область / Samarkand region;ПАЙАРИҚ ТУМАНИ;Самарканд вил., Паяриқ тумани, Челак шахри Истиклол кўчаси 151 уй рўпараси. Челак -Самарканд йуналиши.;СТАЦИОНАР РАДАР;;;
Samargand viloyati / Самаркандская область / Samarkand region;ПАХТАЧИ ТУМАНИ;САМАРҚАНД ВИЛОЯТИ ПАХТАЧИ ТУМ \"КОЗИБОКАР\" АЯЖ  М37 А\\Й 139 КМ;СТАЦИОНАР РАДАР;;;
Samargand viloyati / Самаркандская область / Samarkand region;НАРПАЙ ТУМАНИ;НАРПАЙ ТУМАНИ,МИРБОЗОР А.Я.Ж М37 АВТОМОБИЛ ЙЎЛИНИНГ 106 КМ;СТАЦИОНАР РАДАР;;;
Samargand viloyati / Самаркандская область / Samarkand region;ПАСТДАРҒОМ ТУМАНИ;Найман А.Я.Ж. 4Р46 А.Й 6 КМ Самарканд-Жума;СТАЦИОНАР РАДАР;;;
Samargand viloyati / Самаркандская область / Samarkand region;НАРПАЙ ТУМАНИ;НАРПАЙ ТУМАНИ МИРБОЗОР АЯЖ;ПДД КАМЕРА;;;
Samargand viloyati / Самаркандская область / Samarkand region;НАРПАЙ ТУМАНИ;НАРПАЙ ТУМАНИ ОҚТОШ ШАҲАР;ПДД КАМЕРА;;;
Samargand viloyati / Самаркандская область / Samarkand region;НАРПАЙ ТУМАНИ;НАРПАЙ ТУМАНИ МИРБОЗОР АЯЖ;ПДД КАМЕРА;;;
Samargand viloyati / Самаркандская область / Samarkand region;САМАРҚАНД ШАҲРИ;САМАРҚАНД ШАҲАР ДАГБЕТ КЎЧАСИ;ПДД КАМЕРА;;;
Samargand viloyati / Самаркандская область / Samarkand region;НАРПАЙ ТУМАНИ;НАРПАЙ ТУМАНИ МИРБОЗОР АЯЖ;ПДД КАМЕРА;;;
Samargand viloyati / Самаркандская область / Samarkand region;САМАРҚАНД ШАҲРИ;САМАРҚАНД ШАҲАР СПЕТАМЕН ШОХ КЎЧАСИ;ПДД КАМЕРА;;;
Sirdaryo viloyati / Сырдарьинская область / Syrdarya region;САЙХУНОБОД ТУМАНИ;\"А-373 ГУЛИСТОН-БЎКА-АНГРЕН-ҚЎҚОН ВА АНДИЖОН ОРҚАЛИ-ЎШ\" А.Й.НИНГ 49 КМ.;СТАЦИОНАР РАДАР;;;
Sirdaryo viloyati / Сырдарьинская область / Syrdarya region;СИРДАРЁ ТУМАНИ;СИРДАРЁ ВИЛОЯТИ, СИРДАРЁ ТУМАНИ, М-34 АВТОМОБИЛ ЙЎЛИНИНГ 76 КМ ТОШКЕНТ-СИРДАРЁ ЙЎНАЛИШИ;СТАЦИОНАР РАДАР;;;
Sirdaryo viloyati / Сырдарьинская область / Syrdarya region;ГУЛИСТОН ШАҲРИ;ГУЛИСТОН ШАҲАР 4R-18 A373 АВТОМОБИЛ ЙЎЛИНИНГ 22 КМ;СТАЦИОНАР РАДАР;;;
Sirdaryo viloyati / Сырдарьинская область / Syrdarya region;ОҚОЛТИН ТУМАНИ;А-373 \"М-39-А.Й.-ГУЛИСТОН-БЎКА-АНГРЕН-ҚЎҚОН ВА АНДИЖОН ОРҚАЛИ-ЎШ\" А.Й.НИНГ 14 КМ.;СТАЦИОНАР РАДАР;;;
Sirdaryo viloyati / Сырдарьинская область / Syrdarya region;ОҚОЛТИН ТУМАНИ;А-373 \"М-39-А.Й.-ГУЛИСТОН-БЎКА-АНГРЕН-ҚЎҚОН ВА АНДИЖОН ОРҚАЛИ-ЎШ\" А.Й.НИНГ 14 КМ.;СТАЦИОНАР РАДАР;;;
Sirdaryo viloyati / Сырдарьинская область / Syrdarya region;САЙХУНОБОД ТУМАНИ;\"А-373 ГУЛИСТОН-БЎКА-АНГРЕН-ҚЎҚОН ВА АНДИЖОН ОРҚАЛИ-ЎШ\" А.Й.НИНГ 49 КМ.;СТАЦИОНАР РАДАР;;;
Sirdaryo viloyati / Сырдарьинская область / Syrdarya region;ХОВОС ТУМАНИ;СИРДАРЁ ВИЛОЯТИ, ХОВОС ТУМАНИ, А-376 АВТОМОБИЛ ЙЎЛИНИНГ 228КМ;СТАЦИОНАР РАДАР;;;
Sirdaryo viloyati / Сырдарьинская область / Syrdarya region;СИРДАРЁ ТУМАНИ;СИРДАРЁ ВИЛОЯТИ, СИРДАРЁ ТУМАНИ, М-34 АВТОМОБИЛ ЙЎЛИНИНГ 76 КМ СИРДАРЁ-ТОШКЕНТ ЙЎНАЛИШИ;СТАЦИОНАР РАДАР;;;
Sirdaryo viloyati / Сырдарьинская область / Syrdarya region;СИРДАРЁ ТУМАНИ;M34 ТОШКЕНТ-ДУШАНБЕ АВТОМОБИЛ ЙЎЛИНИНГ 100 КМ;СТАЦИОНАР РАДАР;;;
Sirdaryo viloyati / Сырдарьинская область / Syrdarya region;МИРЗАОБОД ТУМАНИ;СИРДАРЁ ВИЛОЯТИ, МИРЗАОБОД ТУМАНИ М-34 АВТОМОБИЛ ЙЎЛИНИНГ 109 КМ СИРДАРЁ-ГУЛИСТОН ЙЎНАЛИШ;СТАЦИОНАР РАДАР;;;
Sirdaryo viloyati / Сырдарьинская область / Syrdarya region;МИРЗАОБОД ТУМАНИ;СИРДАРЁ ВИЛОЯТИ, МИРЗАОБОД ТУМАНИ М-34 АВТОМОБИЛ ЙЎЛИНИНГ 109 КМ ГУЛИСТОН-СИРДАРЁ ЙЎНАЛИШ;СТАЦИОНАР РАДАР;;;